,Name,Sale Price,Rating,Number of Reviews,Category,Sub-Category,Brand
0,Thanksgiving Party Decorations Fall Party Hanging Paper Lantern Give Thanks Banner Turkey Pumpkins Maple Leaf for Autumn Birthday Baby Showers Home Decor Indoor Outdoor,18.99,4.6,6.0,Home & Kitchen,Event & Party Supplies,zilue
1,U'Artlines 4Pcs Artificial Fall Garland Maple Leaf Autumn Hanging Foliage Garlands Vines Thanksgiving Decor for Home Wedding Party Fireplace Indoor Outdoor,16.79,4.5,36.0,Home & Kitchen,Seasonal Décor,U'Artlines
2,"Thanksgiving Decor Supplies Turkey Thanksgiving Decorations Hanging Thanksgiving Party Decorations for Office,Classroom,Home Decor",12.99,3.8,7.0,Toys & Games,Party Supplies,Unknown
3,MAQIHAN 350PCS Fall Maple Leaves - Autumn Fall Maple Leaf Garland hojas de otoño para decorar Foliage Artificial Table Decoration Faux Fake Loose Leaves Outdoor Decor Halloween Thanksgiving Photo Prop,5.99,4.4,3.0,Home & Kitchen,Home Décor Products,MAQIHAN
4,"DearHouse 2 Pack Fall Garland Maple Leaf Clearance, 5.9Ft/Piece Hanging Vine Garland Artificial Autumn Foliage Garland Thanksgiving Decor for Home Wedding Fireplace Party Christmas",12.99,4.4,7279.0,Home & Kitchen,Seasonal Décor,DearHouse
5,Give Thanks Banner Orange Paper Triangle Flag Bunting Maple Leaf Hanging Garland and Paper Fan Flower Swirl Streamers for Thanksgiving Theme Party Decoration,11.99,4.3,47.0,Home & Kitchen,Event & Party Supplies,Unknown
6,FANCY LAND 15PCS Thanksgiving Eyeglasses Turkey Eyewear Frame Thanksgiving Party Favors Photo Booth Props for Kids Adults Thanksgiving Decorations,6.99,5.0,3.0,Toys & Games,Party Supplies,Unknown
7,"QuanYaaJoy 2Pcs Thanksgiving Turkey Gnomes, Handmade Gnomes Fall Decor Indoor, Pumpkin Acorn Maple Leaf Black top hat Plush Autumn Thanksgiving Day Decorations for Home，gnome with Colorful Wings",9.99,4.5,50.0,Home & Kitchen,Home Décor Products,Unknown
8,"2 Pack Thanksgiving Decorations Maple Leaf Lights Garland Multicolored, 20Ft 40LED Battery Operated Fall Leaves Garland with Light String Wedding Autumn Harvest Table Porch Indoor Xmas Home Fall Decor",9.99,4.3,1250.0,Home & Kitchen,Seasonal Décor,Runleo
9,202Pcs Thanksgiving Disposable Tableware Set Orange Party Decorations Serve 24 Paper Plates Napkins Cups Maple Leaf Balloons Banners Plastic Tablecloths dinnerware for Fall Thanksgiving Party Supplies,26.99,4.6,65.0,Toys & Games,Party Supplies,Sawowkuya
10,Artificial Fall Lighted Maple Tree 24 LED Thanksgiving Decorations Table Lights Battery Operated for Wedding Party Gifts Indoor Outdoor Autumn Harvest Home Decor,12.99,4.6,1327.0,Home & Kitchen,Home Décor Products,S-Union
11,"Beistle Decorative Thanksgiving Playmates, 4-Inch-5-Inch, Multicolor, 4-Pack",5.94,4.1,1260.0,Toys & Games,Featured Categories,Unknown
12,"GIVE THANKS Hanging Banner Porch Sign Autumn Pumpkin Maple Leaf Backdrop Flag Fall Harvest Welcome Banner For Indoor Outdoor Wall Door Decoration Thanksgiving Party Decorations 72""x12""",6.98,4.6,1224.0,Home & Kitchen,Event & Party Supplies,FECEDY
13,"Thankful for You Banner, Glitter Thanksgiving Banner for Mantel Font Porch, Thanksgiving Banner Decorations, Fall Thanksgiving Party Decorations, Indoor Home Thanksgiving Decorations (Pre-Assembled)",8.99,4.8,207.0,Home & Kitchen,Event & Party Supplies,Deneo
14,"YQUQWN, Happy Thanksgiving Banner - Xtralarge, 72x44 Inch, Thanksgiving Decorations, Happy Thanksgiving Backdrop, Fall Decorations, Thanksgiving Wall Banner, Thanksgiving Party Decorations",9.99,4.0,1.0,Toys & Games,Party Supplies,YQUQWN
15,"Fall Thanksgiving Party favors, 24 Pack Turkey Thanksgivings Glasses Photo Props Holiday Eyeglasses Frames Thanksgiving Accessories Gifts for Kids Adult Fall Thanksgiving Harvest Party Decorations",9.99,0.0,0.0,Toys & Games,Featured Categories,Unknown
16,"Neatiffy 225 Pcs Gold Rim Disposable Plastic Dinnerware Set (25 Guest) | 25 x (Dinner Plate, Dessert Plate, Gold Plastic Silverware, Cup, Napkin, Straw) | For Wedding, Luxurious Party, Special Event",49.97,4.9,72.0,Health & Household,Household Supplies,Neatiffy
17,"Funnlot Fall Decorations-Fall Window Clings, Thanksgiving Window Clings for Glass 324 PCS Thanksgiving Clings for Windows Fall Window Stickers Thanksgiving Home Office Decorations",6.99,4.3,2882.0,Home & Kitchen,Home Décor Products,Funnlot
18,"12pcs 86FT Artificial Maple Leaves Garland with 100 LED String Light Hanging Vines Plants Autumn Fall Fake Maple Foliage Leaf Vine, for Wedding Table Garden Indoor Outdoor Decoration",12.67,3.8,52.0,Home & Kitchen,Home Décor Products,HanYun
19,"maxmill Rectangle Slubby Textured Tablecloth Waterproof Spillproof Wrinkle Free Fall Table Cloth, Kitchen Dining Room Thanksgiving Decoration, Fabric Table Cover Halloween Party, 52 x 70 Inch, Rust",15.99,4.6,367.0,Home & Kitchen,Kitchen & Dining,maxmill
20,Thanksgiving Party Decorations - Pre-Assembled 12 Hanging Swirls Garland with GIVE Thanks Banner and Assorted Fall Theme,5.99,4.0,2.0,Home & Kitchen,Event & Party Supplies,POEWAUVE
21,"Feybxla 2 Pack Maple Leaf String Lights for Fall Decor, Total 20ft/60 LED Realistic Fall Leaves Fall Lights, Waterproof Battery Operated Fall Decorations Thanksgiving Halloween Indoor Outdoor",10.99,4.7,69.0,Home & Kitchen,Seasonal Décor,Feybxla
22,"110 PCS Dried Pampas Grass Bouquet, Boho Table Decor, Bunny Tails Dried Flowers, Brown Pompas, White Pampas Grass for Wedding, Home, Rustic Party, Baby Shower Decorations",15.98,4.6,1461.0,Home & Kitchen,Home Décor Products,Bannifll
23,Famoby Happy Thanksgiving Fabric Sign Poster Banner Backdrop and Pumpkin Turkey Maple Leaf Pattern for Thanksgiving Day Photo Booth Background Party Decoration,6.99,4.8,15.0,Home & Kitchen,Event & Party Supplies,Famoby
24,Fall Decor 14Ft 40 LED 80 Leaves Lighted Fall Garland for Home Mantle Decor 2 Mode Fall Leaves Garland with Lights Christmas Decorations Battery Operated Fall Led String Lights Autumn Halloween Decor,11.99,4.4,103.0,Home & Kitchen,Seasonal Décor,HHMY
25,"Miles Kimball Pilgrim Boy and Girl Metal Lawn Stakes Set by Maple Lane Creations, Thanksgiving Yard Décor",40.27,4.6,474.0,"Patio, Lawn & Garden",Outdoor Décor,Miles Kimball
26,"2 Pack Maple Leaf Lights, Thanksgiving Decorations for Home, Leaves Garland with Lights, Total 30Ft 60LED Fall Leaf Decor String Lights, Thanksgiving Christmas Halloween Decorations Indoor Outdoor",9.99,4.3,34.0,Home & Kitchen,Seasonal Décor,SolarEra
27,"Mini Glass Pumpkins for Decorating - Set of 3 Fall Pumpkin Decorations, LED Lights Inside, Orange Mercury Glass, Battery Operated, Thanksgiving Decor, Halloween Decoration",34.99,4.1,231.0,Home & Kitchen,Event & Party Supplies,LampLust
28,Famoby GIVE THANKS Burlap Banner Paper Triangular Bunting Maple leaf Garland Plastic Streamer for Autumn Harvest Thanksgiving Day Party Decoration,12.99,3.7,7.0,Home & Kitchen,Event & Party Supplies,Famoby
29,"JOYIN 24 Pcs Thanksgiving Turkey Eyeglasses, Turkey Eyewear Frame Pumpkin Maple Leaves Photo Props for Kids Thanksgiving Harvest Party Decoration and Thanksgiving Day Accessories (One Size Fits All)",5.99,4.4,369.0,Toys & Games,Featured Categories,Unknown
30,"OCATO 4PCS Fall Decor Thanksgiving Decorations for Home Table, Fall Leaves Garland Lights 40FT 80LED Halloween Indoor Outdoor Fall Home Room Decor Autumn Harvest Party Wedding Decorations",13.99,4.4,725.0,Home & Kitchen,Seasonal Décor,OCATO
31,"Thanksgiving Pumpkin Tea Lights Decorations, 12 Pack LED Orange Pumpkin Lights Flameless Candles Battery Operated, Fall Halloween Flickering Tealight Candle for Home Table Indoor Night Party Decor",9.99,4.7,46.0,Tools & Home Improvement,Lighting & Ceiling Fans,CESOF
32,Thanksgiving Fall Party Supplies - 175 PCS Thanksgiving Autumn Disposable Dinnerware Set (25 Guest) with Maple Leaves Gold Paper Plates Napkins Cups Plastic Forks Knives Spoon for Harvest Celebrations,19.99,4.5,21.0,Health & Household,Household Supplies,Qinline
33,iStatue Fall Harvest Owl Ornaments - 7’’ Resin Craft with Red Scarf and Pumpkin - Thanksgiving Table Decorations Centerpieces Decor for Shelf/Desk/Home/Office/Garden (Owl),8.99,4.7,28.0,"Patio, Lawn & Garden",Outdoor Décor,Unknown
34,Thanksgiving Party Decorations - 291 PCS Fall Birthday Party Supplies Disposable Dinnerware Set(25 Guest) with Maple Leaf Paper Plates Napkin Tablecloth Backdrop Balloon Garland Kit for Autumn Holiday,29.99,4.8,13.0,Toys & Games,Party Supplies,Qinline
35,2 Pack Fall Decor for Home Thanksgiving Decorations Lighted Fall Garland Maple Leaves Total 11.8FT 40 LED Battery Operated Indoor Outdoor String Lights Garland Autumn Harvest Party Halloween Décor,17.99,4.3,346.0,Home & Kitchen,Seasonal Décor,Yunaking
36,"Large Thanksgiving Banner Decorations Outdoor 72x44 Inch,Turkey Maple Leaf Pumpkin Decorations Gifts for Indoor Home House Decor Party Supplies,Yard Sign Background for Photography",9.99,4.7,158.0,Electronics,Camera & Photo,Sophena
37,"CKE 24 Inch Artificial Fall Tree Lighted Maple Tree Battery USB Operated w/Timer, 24 LED Thanksgiving Decorations Table Lights Tree for Autumn Wedding Party Gift Indoor Outdoor Harvest Home Decoration",18.99,4.4,246.0,Home & Kitchen,Home Décor Products,CKE
38,Thanksgiving Decorations Pre-Assembled GIVE THANKS Banner Hanging Swirls for Indoor Outdoor Thanksgiving Decor Thanksgiving Decorations for Home,15.99,4.7,70.0,Toys & Games,Party Supplies,N\C
39,"XiA MiLL 7P Fall Decor Fall Decorations for Home Thanksgiving Decorations Fall Tiered Tray Decor Bundle for Thanksgiving Harvest Day Tabletop Collection, Kitchen Living Room Bedroom (Tray NOT Included)",2.99,2.8,3.0,Home & Kitchen,Home Décor Products,XiA MiLL
40,"68 Pieces Thanksgiving Decorations, Thanksgiving Decor Include Givethanks Banner Thanksgiving Hanging Paper Fan Flower Maple Leaf Shaped Foil Balloon, Thanksgiving Decorations Indoor Party Decorations",19.98,0.0,0.0,Toys & Games,Party Supplies,InIsaJace
41,"Give Thanks Burlap Banner, Thanksgiving Banner Burlap, Thanksgiving Decorations, Reusable Pre-Strung Thanksgiving Decoration for Thanksgiving Party Supplies Fireplace Mantle Home Decor",9.99,4.6,239.0,Toys & Games,Party Supplies,Raleyooze
42,"Big Dipper Wax Works Red Candles, Hand Dipped Beeswax Taper Candles, 12-Hour Long Burn, Pure Beeswax Candle 12"" x 7/8""",12.49,4.6,47.0,Home & Kitchen,Home Décor Products,Big Dipper Wax Works
43,"kakoya Flameless LED Candles with Timer 5 Pc Flickering Flameless Candles for Romantic Ambiance and Home Decoration Durable Acrylic Shell,with Embedded Star String，Battery Operated Candles（Grey）",27.99,4.3,369.0,Tools & Home Improvement,Lighting & Ceiling Fans,kakoya
44,[8 Lighting Modes & Timer] 2Pcs Table Fall Decor Thanksgiving Decorations for Home Fall Garland with 1Pcs String Light 40LED Indoor Outdoor for Home Porch Autumn Halloween,17.99,4.1,38.0,Home & Kitchen,Seasonal Décor,OCATO
45,"Iconikal 2-Piece Toilet Seat Cling Decoration Set, Thanksgiving Turkey",3.99,4.2,94.0,Home & Kitchen,Bath,Iconikal
46,"Thanksgiving Turkey Candle Holder, Set of 4 Tea Light Candles Holders Holiday Candlestick Autumn Thanksgiving Decoration for Home, Table, Fireplace, Window",19.99,4.5,44.0,Home & Kitchen,Home Décor Products,SUJUN
47,"BLIKA 2 Pack Maple Tree Light for Fall Thanksgiving, 24""/2FT Lighted Maple Tree, Artificial Fall Lighted Maple Tree, Fall Tree Lights with Acorn & Pine Cones, Thanksgiving Decorations for Home",25.99,4.6,163.0,Home & Kitchen,Home Décor Products,BLIKA
48,"DawnHope Thanksgiving Decorations Fall Theme Party Supplies Paper Plates and Napkins with Tablecloth, Balloons, Stickers, Maple Leaves and Cupcake Toppers for Autumn Table Indoor Decor, Serves 24",27.99,4.7,91.0,Toys & Games,Party Supplies,DawnHope
49,"Palmatte 4 Pack Thanksgiving Fall Decorations for Home Porch, Indoor Outdoor Fall Decor Autumn Harvest Garland Leaves 5.8ft Fake Vines Room Decor Fall Wedding Party Decorations Halloween Décor (Red)",19.99,4.3,259.0,Home & Kitchen,Seasonal Décor,Palmatte
50,"Thanksgiving Party Decorations Gold Thanksgiving Foil Balloon Banner, 3 Packs Fall Maple Leaf Garland with Lights, Gold Orange Fringe Curtain, Paper Pompoms，Balloons for Fall Autumn Party Decor",22.99,4.1,12.0,Toys & Games,Featured Categories,Sawowkuya
51,"YJDFWAUT Thanksgiving Party Decorations Supplies, Thanksgiving Banner Hanging Swirls for Autumn Holiday, Turkey Autumn Hanging Decorations, Thanksgiving Foil Fringe Curtain Balloon Garland",27.99,3.0,2.0,Toys & Games,Featured Categories,YJDFWAUT
52,Keketo Cheesecloth Table Runner Terracotta Rust Gauze 120 Inch 10 FT Rustic Cheese Cloth Runner for Wedding Baby Shower Bridal Shower Birthday Party Boho Long Sheer Fall Christmas Home Decorations,12.99,4.8,16.0,Home & Kitchen,Kitchen & Dining,Keketoarrange
53,3 Pack Thanksgiving Day Fall Spray Centerpieces-Balloon Weight Centerpieces Gold Orange Metallic Strands Die-Cut Foil Autumn Leaves Centerpieces Thanksgiving Day Party Supplies Table Decorations,16.99,5.0,1.0,Toys & Games,Party Supplies,Unknown
54,"Fecedy Happy Thanksgiving Hanging Extra Large Fabric Sign Poster Background Banner with Pumpkin Maple Leaves Turkey Pattern for Thanksgiving Day Autumn Harvest Decorations 43.3""x70.8""",6.99,4.5,185.0,Electronics,Camera & Photo,FECEDY
55,Ogrmar 15 Inch 2 Pack Stuffed Turkey Couple Doll Thanksgiving Tabletop Decorations Exquisite Handmade Turkey Plush Doll Kit for Autumn Harvest Home and Room Table Ornaments,17.99,4.6,191.0,Toys & Games,Stuffed Animals & Plush Toys,Unknown
56,CYNOSA Fall Decorations for Home Blessed Grateful Thankful Fall Decor Wooden Pumpkin Tabletop Signs for Home Thanksgiving Farmhouse Living Room Harvest,15.99,4.3,172.0,Home & Kitchen,Home Décor Products,CYNOSA
57,Give Thanks Burlap Banner| ThanksGiving Burlap Banner Thanksgiving Decorations| Rustic Thanksgiving Turkey Pumpkin Bunting| Thanksgiving Party Supplies Fireplace Mantle Decor,9.99,4.7,270.0,Toys & Games,Party Supplies,Partyprops
58,"Gobble Till You Wobble Banner Thanksgiving Party Banner, Friendsgiving Banner Funny Thanksgiving Banner Decorations for Friends Friendsgiving Thanksgiving Party Decorations",11.99,3.8,7.0,Toys & Games,Party Supplies,Unknown
59,"WELLIFE 350 Pieces Gold Plastic Plates with Disposable Silverware and Cups, Include: 50 Dinner Plates 10.25”, 50 Dessert Plates 7.5”, 50 Gold Rim Cups 9 OZ, 50 Gold Cutlery",69.99,4.8,4976.0,Health & Household,Household Supplies,WELLIFE
60,"Vplus 100% Compostable 5 Compartment Paper Plates, 100 Pack, 12.5 * 8.6 inch Disposable School Lunch Trays, Eco-Friendly Bagasse Plates for Buffet, and Party",34.99,4.6,1834.0,Health & Household,Household Supplies,Vplus
61,Thanksgiving Party Decorations Supplies Kit Hanging Paper Lantern Tissue Honeycomb Ball Pom Poms Flowers Pumpkins Maple Leaf Garland for Fall Birthday Baby Showers Home Decor Indoor Outdoor,21.99,4.7,80.0,Home & Kitchen,Event & Party Supplies,zilue
62,"WELLIFE 350 Pieces Gold Plastic Dinnerware,Disposable Gold Lace Plates, Include:50 Dinner Plates,50 Dessert Plates, 50 Pre Rolled Napkins with Gold Silverware and 50 Cups",67.99,4.8,3037.0,Health & Household,Household Supplies,WELLIFE
63,"Thanksgiving Window Clings, Fall Leaf Window Decals, Autumn Static Cling Decorations, 240-Count by Iconikal",2.99,4.3,156.0,Home & Kitchen,Home Décor Products,Iconikal
64,"GIVE Thanks Extra Large Fabric Sign Poster Banner Backdrop for Thanksgiving Day Party Decorations with Pattern Pumpkin Maple Leaf Turkey Corn Fruit Welcome Autumn Hang Outdoor Indoor 43.3""x70.8""",6.99,4.6,241.0,Free returns are available for the shipping address you chose. You can return the item for any reason in new and unused condition: no shipping charges,Go to your orders and start the return,FECEDY
65,"Thanksgiving Party Supplies (112 pcs) Maple Leaf Theme Disposable Tableware Set, Thanksgiving Party Decoration",25.0,3.0,2.0,Home & Kitchen,Event & Party Supplies,Generic
66,"Beistle Fall Leaf Tablecover, 54” x 108” – Plastic Table Cloth, Rectangular Tablecloth, Table Covers for Party, Harvest Table Cloths, Fall Decorations, Autumn Table Cloth,Thanksgiving,Green,Orange,Red",7.5,4.3,1005.0,Toys & Games,Featured Categories,Beistle
67,[ 2 Pack & Timer ] TURNMEON 24 Inch Fall Lighted Maple Tree Thanksgiving Decorations with 48 LEDs Patent 3D Pumpkin Lights and Acorn Battery Operated Tabletop Artificial Tree Fall Decor Home Indoor,23.99,4.5,434.0,Home & Kitchen,Home Décor Products,TURNMEON
68,"DomeStar 50 PCS Thanksgiving Artificial Pumpkins and Gourds Set, 8 PCS Fake Pumpkins, 12 PCS Pinecones and Acorns, 30 PCS Fake Maple Leaves Fall Wedding Tables Centerpieces",15.99,4.2,4784.0,Home & Kitchen,Home Décor Products,DomeStar
70,Famoby Happy Thanksgiving Day Fabric Sign Poster Banner Backdrop Pumpkin Turkey Maple Leaf Pattern for Thanksgiving Day Photo Booth Background Party Decorations,6.99,4.6,36.0,Health & Household,Stationery & Gift Wrapping Supplies,Famoby
71,42Pcs Thanksgiving Decorations Pre-Assembled GIVE THANKS Banner Hanging Swirls for Indoor Outdoor Thanksgiving Decor Thanksgiving Decorations for Home,9.99,4.6,121.0,Home & Kitchen,Event & Party Supplies,Labrostar
72,"Sunvissh 2 Pack Fall Maple Leaf Garland 5.7Ft/Piece Artificial Autumn Maple Leaves Garland for Home Porch Thanksgiving Decorations, Indoor Outdoor Table Multicolor Fall Decor (Yellow&Orange)",9.99,0.0,0.0,Home & Kitchen,Home Décor Products,Sunvissh
73,"Ouddy Home Thanksgiving Headband and Eyeglasses, 20 PCS Thanksgiving Party Favors Turkey Headbands and Glasses, Thanksgiving Photo Booth Props Harvest Thanksgiving Decorations Accessories",8.72,4.6,3.0,Toys & Games,Party Supplies,Unknown
74,"Supernal 800pcs Gold Dinnerware Set,100pcs 10.25"" Gold Rim Dinner Plates,100pcs 7.5"" Gold Dessert Plates,400 Gold Plastic Silverware,100 Gold Cups,100 Gold Napkins,100 Guest Dinnerware",159.99,4.5,60.0,Health & Household,Household Supplies,supernal
75,"TURNMEON 8 Foot Giant Christmas Inflatable Black Santa Claus Decoration Outdoor, Blow up Santa Holds Gift Box with Built-in LED Lights 5 Tethers 9 Stakes Christmas Decorations Yard Lawn Garden Home",57.99,4.4,52.0,"Patio, Lawn & Garden",Outdoor Décor,TURNMEON
76,"Pooqla 6 ft 120 LED Christmas Lighted Birch Artificial Tree, Color Changing Light Up Tree with Remote, White Birch Tree for Indoor Outdoor Thanksgiving Holiday Party Home Yard Decoration RGB",99.99,4.3,202.0,Home & Kitchen,Home Décor Products,Pooqla
77,"FORUP Carved Give Thanks Turkey Decoration, Decorative Accessories Turkey, Pumpkins, Apples and Haystack for Autumn Fall Thanksgiving Harvest Home Decor",13.99,4.5,457.0,Home & Kitchen,Home Décor Products,Unknown
78,"3pack Fall Garland Maple Leaf Garland 5.9Ft/Piece Fall Maple Leaves Garland Hanging Vine Garlands Artificial Fall Autumn Foliage Garland Thanksgiving Christmas Decor (3, Fall)",19.99,4.4,16.0,Home & Kitchen,Seasonal Décor,HANDIC
79,[8 Lighting Modes & Timer] 2 Pack Fall Decor Total 26Ft 80LED Thanksgiving Decorations Enlarged Maple Leaves Fall Lights Battery Operated Waterproof Lights for Indoor Outdoor Autumn Halloween,17.99,4.6,22.0,Home & Kitchen,Seasonal Décor,Yiaht
80,"3 otters 18PCS Turkey Paper Eyeglasses, Thanksgiving Paper Glasses Thanksgiving Party Photo Booth Props for Kids Thanksgiving Party Decorations",5.99,5.0,2.0,Toys & Games,Featured Categories,Unknown
81,"Fibevon Fairy Lights Battery Operated, 12-Pack 7.2ft w/20 LED Mini Lights Waterproof String Lights for Mason Jar/Centerpiece Table/Bedroom/Wedding/Valentines/Christmas/Outdoors/Indoor Decoration",12.99,4.7,62.0,Home & Kitchen,Seasonal Décor,Fibevon
82,"Toyvian Halloween Pumpkin Pillows Thanksgiving Pumpkin Throw Pillow Fall Car Decor 3D Stuffed Pumpkin Pillows for Halloween Party Centerpieces Trick or Treat Velvet Pumpkins, 3pcs",30.79,0.0,0.0,Home & Kitchen,Bedding,Toyvian
83,"Etistta Set of 3 Thanksgiving Pumpkin Figurine Decor, Be Thankful, Be Joyful, Give Thanks, 6.5 inch Polyresin Fall Harvest Orange Pumpkin Sculptures for Home Tabletop Holiday Decorations",25.99,4.8,10.0,Home & Kitchen,Home Décor Products,Etistta
84,"Volens 24pcs Amber Votive Candle Holders for Table Centerpieces, Vintage Ribbed Glass Tealight Candle Holder Bulk for Fall Decor, Thanksgiving, Christmas, Wedding Party, and Home Decorations",29.99,4.4,31.0,Home & Kitchen,Home Décor Products,Volens
85,"6PCS Fall Maple Leaves Garland, Party Joy 5.6Ft Artificial Maple Leaf Autumn Garland Hanging Fall Vines Table Decorations Front Door Fall Decor Thanksgiving Decorations Decor Outside Indoor Decor",34.99,4.5,366.0,Home & Kitchen,Seasonal Décor,PARTY JOY
86,Pumpkin Maple Leaves Leaf Door Fall Decorations Porch Banner Fall Banner Autumn Thanksgiving Decorations Board Wall Hanging Farmhouse Supplies Pumpkin Porch Decorations Outdoor for Home Office Holiday Decor,6.99,4.6,66.0,Home & Kitchen,Event & Party Supplies,FARMNALL
87,"KatchOn, XtraLarge Orange Fringe Backdrop - 6.4x8 Feet, Pack of 2 Orange Backdrop | Orange Party Decorations | Thanksgiving Backdrop for Pumpkin Party Decorations | Thanksgiving Decorations for Door",12.97,4.5,9479.0,Electronics,Camera & Photo,KatchOn
88,Hugestar 61pcs Thanksgiving Hanging Decorations Fall Party Hanging Swirls Thanks Banner Balloons Cupcake Toppers Large Fall Leaves Cutouts for Autumn Thanksgiving Harvest Decor Party Supplies,5.99,0.0,0.0,Toys & Games,Party Supplies,Hugestar
89,"Artiflr 2 Pack Fall Garland Maple Leaf with 2Pcs 20LED String Light, 5.9Ft/Piece Hanging Vine Garland Artificial AutumnMaple Foliage Garland Thanksgiving Decor for Home Fireplace Party Christmas",15.99,4.2,849.0,Home & Kitchen,Seasonal Décor,Artiflr
90,"4 Pack Fall Decorations for Home, Fall Leaves Garland Fall Decor Thanksgiving Decorations, 5.8Ft Artificial Fall Garland Harvest Decorations Autumn Leaves Garland for Fall Home Porch Pumpkin Decor",19.99,4.2,30.0,Home & Kitchen,Seasonal Décor,iPartycool
91,"2 Pack Fall Decor Thanksgiving Decorations for Home Lighted Fall Garland, Total 16.4Ft 50LED Fall Halloween Decorations Maple Leaves String Lights Battery Operated Indoor Outdoor Autumn Harvest Decor",12.98,4.4,863.0,Home & Kitchen,Seasonal Décor,Donse
92,"Pellimo 2 Pack Thanksgiving Decorations Fall Leaves Garland with Lights,Total 20FT 40 Led Maple Leaf String Lights,Battery Operated Fall Lights for Indoor Outdoor Autumn Christmas Halloween Harvest",9.99,4.4,42.0,Home & Kitchen,Seasonal Décor,Pellimo
93,"JOHOUSE Natural Pine Cones, Christmas Rustic Pinecones Fall Garland Halloween Thanksgiving Decorations, Christmas Tree Fall Ornaments,18 PCS",8.99,4.3,2003.0,Home & Kitchen,Home Décor Products,Unknown
94,"41 Pcs Happy Thanksgiving Classroom Bulletin Board Decorations, Thanksgiving Cutouts, Autumn Paper Decoration for Fall Thanksgiving Theme Classroom Wall Decor, Thanksgiving Party Decorations",7.99,4.8,10.0,Office Products,Office & School Supplies,YQUQWN
95,HAKACC 14 PCS Artificial Lifelike Simulation Mixed Pumpkins Fake Pumpkins with 30PCS Fake Maple Leaves Festival Thanksgiving Fall Harvest Home Decoration,16.99,4.1,1292.0,Home & Kitchen,Home Décor Products,HAKACC
96,"2 Pack Fall Decor Maple Leaves Garland with Lights Battery Operated Fall Thanksgiving Decorations Garland for Home Porch Front Door Table Mantle Outdoor Autumn Harvest Halloween Decor, 11.8Ft 40LED",15.99,4.3,472.0,Home & Kitchen,Seasonal Décor,HINZER
97,"Thanksgiving Party Decorations,Burgundy Yellow Orange Balloon Arch Kit ,Balloon Arch Garland Kit Thanksgiving Themed Backdrop Banner and Tablecloth for Thanksgiving Fall Birthday Party Supplies",13.99,0.0,0.0,Free returns are available for the shipping address you chose. You can return the item for any reason in new and unused condition: no shipping charges,Go to your orders and start the return,Unknown
98,Momkids 6 Pcs Faux Flower Fake Babys Breath Flower Bulk Artificial Gypsophila Bouquet Silk Floral for Home Kitchen Bedroom Festival Wedding Xmas Party Decor (Orange),9.99,4.0,5558.0,Home & Kitchen,Home Décor Products,Momkids
99,"gypsy color The Original 4 Light Crystal White Hardwire Flush Mount Chandelier H17.5”xW15”, White Metal Frame with Clear Glass Stem and Clear Acrylic Crystals & Beads That Sparkle Just Like Glass",79.99,4.5,3671.0,Tools & Home Improvement,Lighting & Ceiling Fans,gypsy color
100,Fall Party Supplies Thanksgiving Autumn Decorations-96 PCS Autumn Thanksgiving Disposable Dinnerware Set with Maple Leaves Gold Paper Plates Napkins and Forks for Harvest Celebrations,13.99,3.8,15.0,Home & Kitchen,Event & Party Supplies,Generic
101,"Family Fun Thanksgiving Activity Poster - 30 x 72 Inches, Turkey-Themed Thanksgiving Day Party, Versatile Paper Coloring Banner/Table Cover for Fall School Parties and Special Events Decoration",9.98,4.9,72.0,Toys & Games,Party Supplies,Gatherfun
102,"Konsait Thanksgivings Glasses Funny Thanksgiving Sunglasses Decorative Eyeglasses Photo Prop,Turkey Glasses,Fall Themed Birthday Decorations, Thanksgiving Party Favors Supplies Decor,24 Pack",11.99,4.1,75.0,Toys & Games,Party Supplies,Unknown
103,Ileading Fall Thanksgiving Kitchen Anti Fatigue Mat Set of 2 Black Spice Pumpkin Non Slip Cushioned Kitchen Sink Floor Mats Waterproof Foam Comfort Standing Runner Rug Padded Holiday Home Decorations,16.99,4.9,46.0,Home & Kitchen,Kitchen & Dining,Ileading
104,Fall Party Decorations Kit Yellow Orange Brown Paper Hanging Fans Lantern Flowers Pom Pom with 3D Butterfly Autumn Leaves Garland for Wedding Bridal Shower Birthday Harvest Thanksgiving Party Supplies,22.99,4.6,420.0,Home & Kitchen,Event & Party Supplies,pinkblume
105,"4 Pieces Thanksgiving Wooden Table Signs - Harvest Thanksgiving Themed Table Centerpiece Signs, Autumn Pumpkin Wood Stand Up for Home Office Thanksgiving Fall Decor",12.99,4.5,9.0,Home & Kitchen,Home Décor Products,AOGKTON
106,"Decodinli 68 PCS Thanksgiving Artificial Fall Harvest Decoration Set Pumpkins Set, 14 PCS Pumpkins, 20 PCS Acorns, 4 PCS Pinecones and 30 PCS Maple Leaves, Fall Harvest Pumpkins Home Decoration Set",9.99,3.5,3.0,Home & Kitchen,Home Décor Products,Decodinli
107,"Woohaha 24LED Fall Tree Lighted Maple Tree,Thanksgiving Decoration Maple Leaf Table Tree,Timer Battery Operate Fall Decor Lights for Indoor Outdoor Holiday Autumn Harvest Xmas Party Home Decor",11.99,4.6,21.0,Home & Kitchen,Home Décor Products,woohaha
108,ENVEN 108pcs Fall Thanksgiving Party Decoration Supplies Kit HAPPY THANKSGIVING Banner Hanging Swirls Balloons Stickers Party Decorations Sets for Kids Fall Thanksgiving Party Set,9.99,5.0,7.0,Toys & Games,Party Supplies,ENVEN
109,"SY Super Bang Rustic Boho Christmas Ball Ornaments Set, 2.76""/70MM Shatterproof Christmas Tree Hanging Decorations, for Home Party Indoor Farmhouse Thanksgiving Xmas Decor - 6PCS.",6.49,4.1,42.0,Home & Kitchen,Seasonal Décor,Unknown
110,"Glass Battery Operated LED Flameless Candles with Remote and Timer, Real Wax Candles Warm Color Flickering Light for Festival Wedding Home Party Decor(Pack of 3)-Gold",25.99,4.6,2350.0,Tools & Home Improvement,Lighting & Ceiling Fans,Tyawon
111,Christmas Balloon Garland Arch Kit - 107 PCS Red Green White Gold Confetti Latex Balloons with Candy Cane Balloons for Xmas Birthday Thanksgiving New Year Party Decorations,5.99,4.6,692.0,Home & Kitchen,Event & Party Supplies,DKCPISCO
112,Fall Table Runner Decorations 13 x 72 Inch Maple Leaves Table Runner Fall Decor Harvest Lace Pumpkin Runner Brow Long Fall Table Line Fall Thanksgiving Autumn Dinner Home Decor (Brown),12.59,4.6,1825.0,Home & Kitchen,Kitchen & Dining,Camlinbo
114,Funnlot Fall Window Clings 158PCS Thanksgiving Window Clings Fall Window Clings for Glass Windows Fall Window Decor for Offices Autumn Leaves Turkey Window Clings Home School Office,6.59,4.4,1046.0,Home & Kitchen,Home Décor Products,Funnlot
116,"Happy Friendsgiving Banner and Thanksgiving Hanging Swirls, Thanksgiving Party Banner Happy Friendsgiving Party Banner Decorations for Friendsgiving Thanksgiving Party Decorations",12.99,5.0,6.0,Toys & Games,Featured Categories,LeeSky
117,"3 Pack Thanksgiving Lights Thanksgiving Decorations for Home, Enlarged Maple Leaf Thanksgiving Garland, 30 Ft 60 LED Waterproof Battery Operated Leaf Lights Fall Decor Autumn Indoor Outdoor Halloween",13.99,4.3,2665.0,Home & Kitchen,Seasonal Décor,Camlinbo
118,CEWOR 10 Pcs Fall Decor Artificial Flowers Berry Stems Thanksgivings Picks Orange Floral Arrangements with Fake Pumpkins for Autumn Halloween Harvest Christmas Wedding Indoor Decoration (Orange),20.99,0.0,0.0,Home & Kitchen,Home Décor Products,CEWOR
119,TURNMEON 10 Feet Giant Christmas Inflatables Decorations Outdoor Blow up Nutcracker Holds Candy Cane LED Lights Christmas Decorations Outside Lawn Yard Garden Party Holiday Decor 5 Tethers 9 Stakes,72.99,4.5,31.0,"Patio, Lawn & Garden",Outdoor Décor,TURNMEON
120,"WELLIFE 350 Pieces Rose Gold Plastic Dinnerware, Disposable Rose Gold Lace Plates, Include:50 Dinner Plates, 50 Dessert Plates, 50 Per Rolled Napkins with Rose Gold Silverware and 50 Cups",79.99,4.8,3037.0,Health & Household,Household Supplies,WELLIFE
121,"WELLIFE 350 Pieces Rose Gold Plastic Dinnerware, 50 Guests Disposable Plates with Rose Gold silverware and Cups 9 OZ, 50 Pre Rolled Napkins with Rose Gold Cutlery, Perfect for Wedding",69.99,4.8,4976.0,Health & Household,Household Supplies,WELLIFE
122,"12 Pack Flameless Candles Battery Operated Waterproof Led Candles (D:2.2"" X H:4"" 5"" 6"" 7"") Candles with 2 Remotes Contro for Wedding, Party, Birthday, Outdoor/Indoor Decoration(Plastic)",23.99,4.6,229.0,Tools & Home Improvement,Lighting & Ceiling Fans,DALANG
123,1 PCS Happy Thanksgiving Cake Topper Glitter Maple Leaves Happy Friendsgiving Cake Pick Autumn Fall Thankful Grateful Blessed Cake Decoration for Thanksgiving Day Theme Party Supplies Orange,5.99,0.0,0.0,Grocery & Gourmet Food,Pantry Staples,ZHUOWEISM
124,"CRCZK Thanksgiving Gnome Decorations, 2Pack Handmade Fall Harvest Gnome Plush Swedish Gnomes Ornaments with Pumpkin Corn Maple Leaves Thanksgiving Gifts Autumn Holiday Home Decorations",11.99,4.7,163.0,Home & Kitchen,Home Décor Products,Unknown
125,"QuanYaaJoy 2Pcs Fall Decorations for Home Thanksgiving Gnomes Indoor, Handmade Plush Gnomes Hold Pumpkin Corn Carrots Gifts with Hat Maple Decor Harvest Thanksgiving Gnome for Home Kitchen",9.99,4.5,73.0,Home & Kitchen,Home Décor Products,Unknown
126,"129pcs Fall Confetti Balloons, Huge Pumpkin Maple Pine Leaf Aluminum Foil Balloons Orange Brown Helium Latex Balloons for Birthday, Baby Shower, Thanksgiving, Friendsgiving Party Decorations Supplies",13.99,5.0,2.0,Toys & Games,Party Supplies,Cadeya
127,"Gold Happy Thanksgiving Foil Balloons Happy Thanksgiving Balloons, Happy Friendsgiving Balloons Banner Maple Leaf Balloons for Happy Friendsgiving Thanksgiving Party Decorations",16.99,4.2,9.0,Toys & Games,Featured Categories,LeeSky
128,"24-inch Fall Lighted Maple Tree with Acorns, 24 LED Lights, Battery Operated Thanksgiving Table Centerpieces Decoration Artificial Tree for Home Desktop Fireplace Autumn Harvest Tabletop Indoor Decor",16.99,4.6,901.0,Home & Kitchen,Seasonal Décor,S-Union
129,"Hodao Fall Thanksgiving Pumpkin owl Table Decorations for Home, Resin Owl Give Thanks Fall Centerpieces for Tables-Thanksgiving Pumpkin owl Gifts",21.55,4.8,66.0,Home & Kitchen,Event & Party Supplies,Hodao
130,"35PCS Thanksgiving Party Decorations Set - NO DIY - Thankful Banner & Hanging Paper Fans & Thanksgiving Hanging Swirls & Thanksgiving Balloon, Fall Thanksgiving Decorations for Home Indoor Outdoor",9.99,4.3,15.0,Home & Kitchen,Event & Party Supplies,Lairyan
131,3 Pack Fall Garland Maple Leaf Garland 5.9Ft/Piece Fall Maple Leaves Garland Hanging Vine Garlands Artificial Fall Autumn Foliage Garland Thanksgiving Decor,19.99,4.3,12.0,Home & Kitchen,Seasonal Décor,HANDIC
132,"kakoya Flameless LED Candles with Timer 5 Pc Flickering Flameless Candles for Romantic Ambiance and Home Decoration Durable Acrylic Shell,with Embedded Star String，Battery Operated Candles（Ivory）",27.99,4.3,369.0,Tools & Home Improvement,Lighting & Ceiling Fans,kakoya
133,GIVE Thanks Hanging Banner Autumn Pumpkin Honeycomb Ball Maple Leaf Garland Fall Harvest Welcome Banner for Thanksgiving Party Decorations,9.99,4.6,273.0,Home & Kitchen,Event & Party Supplies,FECEDY
134,Thanksgiving Party Decoration Fall Party Supplies for Thanksgiving Party Supplies with Give Thanks Banner Balloons Thanksgiving Tableware Set Disposable Dinnerware Set,16.99,5.0,8.0,Free returns are available for the shipping address you chose. You can return the item for any reason in new and unused condition: no shipping charges,Go to your orders and start the return,delaimastor
135,"BEZURA Candlestick Holders,Taper Metal Candle Holder for Candlesticks Black Candelabra Candle Holder Easter Vintage Candle Stick Candle Holder for Fireplace Party Dining Home",37.99,4.6,301.0,Home & Kitchen,Home Décor Products,BEZURA
136,Decorative Fairy Acorn String Lights Thanksgiving Decoration Autumn Garland Cute Novelty Lights 30 LEDs 10 ft Battery Operated for Bedroom Wedding Birthday Harvest Decor,17.99,4.3,232.0,Home & Kitchen,Seasonal Décor,Belniak
137,YOUBET 60Pieces Clear Plastic Plates-Clear Dessert Plates- Fancy Appetizer Plates -Premium Clear Disposable Plates-include 60Pieces 6.5inch Dessert Plates for Halloween/Thanksgiving/Christmas,21.99,4.3,5.0,Health & Household,Household Supplies,YOUBET
138,"Homemory 48-Pack Novelty Flickering Flameless Tea Lights Candles, 200Hours Battery Operated, Fake Electric LED Votive Candles, Small Wedding Candles for Table Centerpieces,Proposal,Anniversary",26.99,4.7,4310.0,Home & Kitchen,Home Décor Products,Homemory
139,"KPSheng Thankful Grateful Blessed Harvest Wooden Signs Autumn Maple Leaf Wooden Decor for Fall Harvest Farmhouse Home Office Wall,11.6In x 5.1In",15.99,4.6,3.0,Home & Kitchen,Home Décor Products,KPSheng
140,"TURNMEON [ Timer 3 Set Christmas Fairy Lights, Total 90 LED, Cool White Battery Powered Copper Wire Fairy Lights, Christmas Decoration Outside Yard Party Home Indoor Outdoor, 10 Ft 30 LED Each",12.99,4.4,1186.0,Tools & Home Improvement,Lighting & Ceiling Fans,TURNMEON
141,Thanksgiving Window Clings Stickers Fall Decorations Holiday Turkey Cling for Glass Window Thanksgiving Decorations for Home Party 113 PCS,4.99,4.5,2533.0,Home & Kitchen,Home Décor Products,MISS FANTASY
142,Hodao Autumn Thanksgiving Scarecrow Decoration Handmade Thanksgiving Decoration for Living Room Garden Dining Room Decoration Gifts,19.75,4.1,6.0,Home & Kitchen,Home Décor Products,Unknown
143,Thanksgiving Mini Wood Crate Autumn Tiered Tray Decor with Maple Leaves Pumpkins Pine Cones and Wood Bead String Farmhouse Fall Kitchen Decorations Box for Thanksgiving Party Decor,6.99,4.1,19.0,Home & Kitchen,Event & Party Supplies,Qunclay
144,Happy Thanksgiving Banner Thank You Banner for Happy Thanksgiving Decorations Thanksgiving Birthday Decorations Thanksgiving Party Decorations Friendsgiving Decorations,11.99,0.0,0.0,Home & Kitchen,Event & Party Supplies,Yavxzvbw
145,"Volens 24pcs Gold Votive Candle Holders for Table Centerpiece, Ribbed Glass Tealight Candle Holder Bulk for Wedding Decor, Birthday Party, Anniversary, Holiday and Home Decorations",29.99,4.4,31.0,Home & Kitchen,Home Décor Products,Volens
146,"Juegoal 2 Pack Fall Decorations Outdoor Garden Stakes, 33 Inch Stacked Metal Thanksgiving Pumpkins Yard Signs, Decorative Pumpkin Stake for Home Fall Autumn Harvest Halloween Patio Lawn Decor",26.99,4.4,22.0,"Patio, Lawn & Garden",Outdoor Décor,Juegoal
147,Funnytree Happy Fall Thankful Themed Porch Sign Autumn Harvest Yard Banner Polyester Home House Garden Door Wall Hanging Decorations Windproof Backdrop Barn Thanksgiving Day Party Supplies 2pcs,9.99,4.6,214.0,"Patio, Lawn & Garden",Outdoor Décor,Funnytree
148,"2 Pack 3.2 ft x 9.8 ft Orange Tinsel Curtain Party Backdrop Decorations, Metallic Foil Fringe Backdrop Door for Halloween, Christmas, Birthday Graduation Wedding Party Streamers Photo Backdrop.",6.98,4.0,119.0,Electronics,Camera & Photo,Yighaw
149,Happy Thanksgiving Day Hanging Extra Large Fabric Sign Poster Background Banner Pumpkin Maple Leaves Turkey Pattern Welcome Fall Harvest for Thanksgiving Day Party Decoration,6.99,4.6,677.0,Electronics,Camera & Photo,FECEDY
150,"Twinkle Star Thanksgiving Decoration Fall Lights, 4 Pack Maple Leaves String Lights, Each Strings with 20 LED 11 FT Battery Operated Light, Garland Decor for Indoor Halloween Autumn Harvest Festival",9.99,4.3,770.0,Home & Kitchen,Seasonal Décor,Twinkle Star
151,Famoby Thankful Happy Fall Burlap Banner Paper Triangular Bunting Maple Leaf Garland Plastic Streamer for Autumn Harvest Thanksgiving Day Party Decoration,12.99,2.5,4.0,Toys & Games,Party Supplies,Famoby
152,JOYIN 36 Thanksgiving Turkey Cutlery Decorative Gold Foil Utensil Holders for Autumn Fall Harvest Party Favor Supply Dinner Table Decor.,6.99,4.6,331.0,Home & Kitchen,Kitchen & Dining,JOYIN
153,"Thanksgiving Hanging Swirls Decorations 50 Pcs Fall Harvest Party Ceiling Streamers,Turkey Decor for Indoor-Outdoor Home Office Autumn Party Supplies",6.99,5.0,2.0,Home & Kitchen,Home Décor Products,Unknown
154,"BlcTec Thanksgiving Decorations Indoor, Wood Block Sign Set Built-in with Lighted 3D Letters, Pumpkin, Turkey, Maples, Berry, Timer, Battery Operated Thanksgiving Sign for Table, Mantle, Shelf Décor",19.99,4.5,73.0,Home & Kitchen,Home Décor Products,BlcTec
155,[ 5 Pack & Timer ] Fall Garland Lights Fall Thanksgiving Decor Total 100LED 50Ft Enlarged Maple Leaf String Lights Autumn Fall Decorations Home Waterproof Battery Operated Indoor Outdoor Halloween,24.99,4.2,193.0,Home & Kitchen,Seasonal Décor,TURNMEON
156,"Nervure 350PCS White and Gold Plastic Plates & Pre Rolled Napkins with Plastic Cutlery for 50 Guests-Gold Disposable Plates, 150 Gold Plastic Silverware, 50Cups, 50Napkins for Thanksgiving & Wedding",84.99,4.7,1433.0,Health & Household,Household Supplies,Nervure
157,"Thanksgiving Party Decoration, Thanksgiving Dinner Decorations | 16 Inches Rose Gold 3D Mylar Letter Balloons for Thanksgiving Party - Fall Decorations for office Classroom Home Indoor",13.99,4.4,38.0,Home & Kitchen,Event & Party Supplies,Unibday
158,Fall Decor Fall Decorations for Home 6PCS Fall Tiered Tray Decor Faux Decorative Books Maple Leaves Truck Wooden Signs Rustic Farmhouse Fall Table Decor for Autumn Thanksgiving,4.99,4.7,99.0,Home & Kitchen,Home Décor Products,Yunfan
159,"Nialnant Thanksgiving Turkey Table Runners,Fall Table Runner for Farmhouse Holiday Home Table Party Decoration,Indoor & Outdoor - 13 x 72 Inch",5.99,4.4,89.0,Home & Kitchen,Kitchen & Dining,Nialnant
160,Fecedy Happy Thanksgiving Extra Large Fabric Sign Poster Banner Backdrop with Pumpkin Maple Leaf Turkey Corn Fruit for Thanksgiving Day Party Decorations Welcome Autumn Harvest,6.99,4.8,22.0,Electronics,Camera & Photo,FECEDY
161,TURNMEON 2 Pack 18 Inch Prelit Fall Maple Tree with 48 LEDs Timer Battery Operated Lighted Pumpkins 6 Acorns Tabletop Artificial Autumn Fall Tree for Thanksgiving Decor Halloween Harvest Home Indoor,35.99,4.5,452.0,Home & Kitchen,Home Décor Products,TURNMEON
162,"Ivenf Thanksgiving Decorations Window Clings Decor, Extra Large Autumn Fall Leaves Turkey Pumpkin Decor Indoor for Kids School Home Office Classroom Harvest Party Gifts, Double-Side Printed, 6 Sheets",7.99,4.6,1119.0,Home & Kitchen,Home Décor Products,Ivenf
163,"Piooluialy Thanksgiving Party Supplies Tableware - Happy Thanksgiving Turkey Party Decorations Include Plates, Napkins, Cups, Cutlery, Maple Leaf Fall Autumn Thanksgiving Party Supplies | Serves 24",24.99,0.0,0.0,Toys & Games,Featured Categories,Piooluialy
164,DAZONGE Thanksgiving Decor | Happy Fall & Give Thanks Porch Banners for Thanksgiving Decorations Indoor and Outdoor | Thanksgiving Welcome Sign for Home Porch Front Door Decor,11.99,4.6,8574.0,Home & Kitchen,Event & Party Supplies,DAZONGE
165,Vitalizart Cheesecloth Table Runner Terracotta 35 x 120 Inches Gauze Tablecloth 10Ft Burnt Orange Boho Rustic Decorations for Wedding Decor Reception Bridal Shower Holiday Party,9.99,4.8,1029.0,Home & Kitchen,Kitchen & Dining,Vitalizart
166,"TURNMEON 2 Pack Thanksgiving Decorations Enlarged Maple Leaf Thanksgiving Decor Fall Lights Thick Leaf Garlands,Total 20Ft 40LED Battery Operated Waterproof Halloween Fall Decor Home Indoor Outdoor",13.99,4.3,6219.0,Home & Kitchen,Seasonal Décor,TURNMEON
167,"Fall Decor 152pcs Artificial Pumpkins Thanksgiving Decoration, 10pcs Pumpkins, 1pc Pumpkin Light, 41pcs Pinecones Acorn Sunflower Corn Pomegranate, 100pcs Maple Leaves, Harvest Fall Thanksgiving Decor",12.99,4.1,5.0,Home & Kitchen,Home Décor Products,BLEUM CADE
168,"BlcTec Thanksgiving Decorations Indoor, 2Pack 10Inch Thanksgiving Window Lights with Suction Cups, Timer, Battery Operated Durable Metal Frame Silhouette Lights for Home Window Wall Décor, Orange",24.99,4.3,53.0,Home & Kitchen,Seasonal Décor,BlcTec
169,Thanksgiving Tree Bulletin Board Set Decorations for Classroom Autumn 3D Thanksgiving Tree Cutouts with Paper Pom Poms Paper-Cuts for Thanksgiving Party School Nursery Classroom Birthday Party Decor,10.99,4.6,3.0,Office Products,Office & School Supplies,ZOIIWA
170,"HEDYNSHINE Christmas Decorations Lights, 100 LEDs 40ft Indoor String Lights for Home Décor,Home Autumn Garland Fall Decor, Maple Leaves Lights Ultra Long",19.99,4.3,237.0,Home & Kitchen,Seasonal Décor,HEDYNSHINE
171,"Dazonge Thanksgiving Decorations 40PCS, Pre-Assembled Thanksgiving Banner, Hanging Swirls, Fall Leaves Garland and Honeycomb Pumpkins for Thanksgiving Decor, Fall decor, Thanksgiving Decorations for Home",20.99,4.6,527.0,Home & Kitchen,Event & Party Supplies,DAZONGE
172,"Beistle Tissue Paper Turkey Centerpiece For Thanksgiving Party Decoration Autumn Fall Harvest Home Decor, 8.88"" x 12.25""",6.99,4.7,1243.0,Home & Kitchen,Event & Party Supplies,Unknown
173,"HOLYHOM Thanksgiving Window Clings Fall Decor, 6 Sheets Fall Window Decorations for Glass Windows, Turkey Leaves Harvest Thanksgiving Fall Decorations for Home (DWFALLBS03)",7.99,4.5,758.0,Home & Kitchen,Home Décor Products,HOLYHOM
174,"Gushu 400 Piece Fall Leaves Set 7 Colors Artificial Autumn Maple Leaf Decor with 100 Glue Dots Perfect for Wreath and Bouquet Making, Weddings, Halloween, Thanksgiving Decoration",5.99,4.1,35.0,Home & Kitchen,Home Décor Products,Gushu
175,Fall Decor Fall Decorations for Home Happy FALL HARVEST Hanging Banner Welcome Porch Signs for Autumn Harvest Thanksgiving Decorations Outdoor Indoor,3.99,4.6,125.0,Home & Kitchen,Event & Party Supplies,JENFALL
176,"MorTime 6 Pack Fall Maple Garland, 5.9 FT Artificial Maple Leaves Garland Autumn Decor Hanging Vine Garland for Indoor Outdoor Thanksgiving Party Wedding Decorations",17.99,4.2,9.0,Home & Kitchen,Seasonal Décor,MorTime
177,"TOPLEE 3 Pack Thanksgiving Garland with Pumpkin Lights & Enlarged Maple Fall String Lights Thanksgiving Halloween Pumpkins Lights, 30Ft 60LED Waterproof Battery Operated Fall Decoration Indoor Outdoor",15.99,4.3,1141.0,Home & Kitchen,Seasonal Décor,TOPLEE
178,Thanksgiving Party Decoration 30PCS Thanksgiving Pumpkin Leaves Hanging Swirls Harvest Swirl Ceiling Party Decorations Indoor,8.99,4.0,2.0,Home & Kitchen,Event & Party Supplies,Unknown
179,"Vplus 100% Compostable Small Paper Plates, 300 Pack 6 Inch Disposable Paper Plates, Uncoated Biodegradable Plates Made of Sugar Cane Fibers, Perfect for Sandwich, Cake, and Snack",24.99,4.5,245.0,Health & Household,Household Supplies,Vplus
180,"Joiedomi 5 FT Christmas Inflatable Penguin Decoration, Blow Up Yard Decoration Holiday Life-Size with Built-in LEDs for Christmas Party Indoor, Outdoor, Yard, Garden, Lawn Décor",39.99,4.5,5809.0,"Patio, Lawn & Garden",Outdoor Décor,Joiedomi
181,"Fall Wood Sign Wall Decor, 12x 6 Inch Welcome Sign for Front Door Decor Hanging Wall Art Pumpkin Autumn Hanging Plaque for Home Living Room Farmhouse Harvest Day Thanksgiving Wall Decor Pumpkin Patch",6.99,3.0,2.0,Home & Kitchen,Home Décor Products,HTBIG
182,Floralsecret 12 Pcs Artificial Roses Flowers Silk Flower Bouquet Fake Single Stem with Long Stem for Home Wedding Party Thanksgiving Garden Decoration (Yellow),15.99,4.3,1195.0,Home & Kitchen,Home Décor Products,Floralsecret
183,"HiParty Thanksgiving Decorations,Happy Thanksgiving Banners with Hanging Swirls, Fall Banner for Mantle with Pumpkin Turkey Decorations for Home Office Classroom, Fall Festival Party Decor",12.98,4.9,36.0,Toys & Games,Party Supplies,HiParty
184,"Snowkingdom 2 Pieces Gold Table Runner, Sequin Glitter Foil Metallic Gold Thin Mesh Table Runner Roll 11""x108"", Gold Table Decorations for Event Party, Wedding, Birthday Party , Christmas",12.59,4.7,1566.0,Home & Kitchen,Kitchen & Dining,Snowkingdom
185,"182 Pieces Thanksgiving Decorations, Thanksgiving Decor Include Thanksgiving Banner, Simulated Maple Leaves, Photo Props for Thanksgiving, Paper Flower Balls, Thanksgiving Decorations Indoor",19.99,5.0,1.0,Toys & Games,Party Supplies,InIsaJace
186,"Aoutrow 2 Pack Thanksgiving Wooden Turkey Decoration, 11.3"" Indoor Standing Turkey Pumpkin Decor for Home Office Bedroom Kitchen Thanksgiving Harvest Day",18.99,5.0,6.0,Home & Kitchen,Home Décor Products,Aoutrow
187,Happy Thanksgiving Birthday Cake Topper Fall Turkey Birthday Decorations for Boys Girls Glitter Pumpkin Maple Leaves Autumn Thanksgiving Birthday Party Decoration Supplies,5.99,5.0,5.0,Grocery & Gourmet Food,Pantry Staples,Unknown
188,Geetery 24 Pcs Thanksgiving Fall Decorations for Table Include Fake Pumpkin Centerpiece for Table Artificial Maple Leaves Fake Sunflowers Pinecones and Acorns for Home Table Wedding,20.99,5.0,1.0,Home & Kitchen,Home Décor Products,Geetery
189,"79PCS Thanksgiving Party Decorations Set Includes Pre-assembled GIVE THANKS Banner, Balloons, Paper Fans, Turkey Autumn Hanging Swirls, Honeycomb Centerpieces for Table, Thanksgiving Party Supplies",16.99,3.8,3.0,Toys & Games,Party Supplies,NICOWARM
190,"DN DECONATION 2 PCS Thanksgiving Resin Pumpkin Figurine, Fake Pumpkin Statues for Decorating, White and Gold Glitter Pumpkins for Table Centerpiece for Farmhouse, Fall, Gift",24.99,4.7,242.0,Home & Kitchen,Home Décor Products,DN DECONATION
191,"Thanksgiving Decorations, Burlap Give Thanks Banner, Pre-strung Thanksgiving Banner Burlap Fall Decorations for Home Office Thanksgiving Door Decorations Wall Decor Party Supplies Autumn Fall Decor",13.98,4.7,22.0,Toys & Games,Party Supplies,iPartycool
192,BLOSMON Fall Flowers Centerpieces Artificial Decoration 2 Pcs Sunflowers Maple Leaf Fall Fake Flower Ball Arrangements Table Center Pieces Silk Floral for Wedding Home Thanksgiving Party DIY Decor,22.96,4.4,37.0,Home & Kitchen,Home Décor Products,BLOSMON
193,Bonhause Fall Gnomes Pumpkin Table Runner 13x72 Inch Autumn Leaves Harvest Thanksgiving Kitchen Dining Table Decoration for Indoor Outdoor Home Party Decor,6.99,4.4,20.0,Home & Kitchen,Kitchen & Dining,Bonhause
194,Happy Fall Party Decorations Thanksgiving Day Party Balloons Thanks Giving Banner Pumpkin Turkey Caketoppers for Thanksgiving Party Decor Thanksgiving Theme Party Suppliers,7.99,4.5,172.0,Toys & Games,Featured Categories,RUIJIA
195,"Nature Vibe 8.8 Inches Feathered Rooster Decor and Hen, Lifelike Farm Animal Figurines with Natural Feather as Fall Decorations for Home,Gifts for Autumn Harvest",34.99,4.8,5.0,Home & Kitchen,Home Décor Products,Unknown
196,"70 PCs Thanksgiving Party Decorations, Hombae Thanksgiving Fall Pumpkin Themed Decor Fan Pom Pom Honeycomb Ball Hanging Swirl Maple Leaf Acorn Happy Thanksgiving Banner Balloon Brown Gold Orange",25.99,5.0,2.0,Home & Kitchen,Event & Party Supplies,Hombae
197,Thanksgiving Tiered Tray Decor Set - 9PCS Includes Turkey Wooden Gnome Signs Pumpkin Maple Leaf for Thanksgiving Home Indoor Kitchen Table Decorations(Tiered Tray Not Included),8.99,4.5,75.0,Home & Kitchen,Home Décor Products,Tifeson
198,"Thanksgiving Birthday Party Decorations, Thanksgiving Happy Birthday Banner Fall Pumpkin Birthday Banner and Thanksgiving Hanging Swirls Maple Leaves for Fall Thanksgiving Birthday Party Supplies",15.99,3.5,2.0,Toys & Games,Featured Categories,Unknown
199,9Pcs Thanksgiving Honeycomb Centerpiece Party Decor | Thanksgiving Table Decorations |Thanksgiving Party Decorations| Thanksgiving Centerpieces for Tables |Give Thanks Banner Pumpkin Truck Sunflowers,14.99,3.1,4.0,Toys & Games,Party Supplies,Unknown
200,"dallisten 3 Strands Artificial Maple Vines Plants 71"" Fake Silk Vine Garland with Maple Fall Leaves Greenery Decorations for Home Kitchen Wall Party Fireplace Thanksgiving Halloween Decor (Orange)",15.99,5.0,2.0,Home & Kitchen,Home Décor Products,dallisten
201,"Adjustable Over The Table Rod Stand with Clamps, Gold Metal Balloon Flower Arch Stand 35""-50""Tall, 45""-90""Length Ideal for Weddings, Showers, Birthday, Halloween, Thanksgiving Party Decorations",38.99,4.0,1.0,Toys & Games,Party Supplies,KOPTOP
202,"PurpleEssences Fall Maple Leaves Table Runner, Autumn Thanksgiving Kitchen Dining Table Decoration for Indoor Outdoor Party 14x54 Inch - Fall Garden",8.99,4.8,48.0,Home & Kitchen,Kitchen & Dining,PurpleEssences
203,"Giant Coloring Poster for Classroom Wall - Versatile 30 x 72 Inches Happy New Year Activity Poster/Table Cover, Perfect for School Parties, Happy New Year Party and Special Events Decoration",9.98,4.9,72.0,Toys & Games,Party Supplies,Gatherfun
204,"24-Piece Set, Fall & Thanksgiving Party Decorations - Hanging Swirls for Autumn Celebrations, Perfect for Fall Home & Classroom Decorations",9.98,4.6,29.0,Home & Kitchen,Event & Party Supplies,Unknown
205,"Fall Office Decor, Fall Thanksgiving Hanging Decorations Vintage Classroom Office Decor, Autumn Harvest Ceiling Decorations for Thanksgiving Fall Party Supplies",4.99,5.0,1.0,Home & Kitchen,Event & Party Supplies,Unknown
206,CHAIYA 7x5ft Fall Cartoon Background Thanksgiving Harvest Party Backdrop Wood Fence Scarecrow Pumpkin Car Turkey Decoration Background Autumn Give Thanks Birthday Banner CY-234,7.99,5.0,7.0,Electronics,Camera & Photo,CHAIYA
207,"MorTime Thanksgiving Decorations Hand-Painted Turkey Pumpkin with Engraved Thanks, Set of 6 Tabletop Fall Autumn Decor for Living Room Bedroom Kitchen Thanksgiving Harvest Day",20.99,4.7,487.0,Home & Kitchen,Home Décor Products,Unknown
208,Dianelhall Happy Thanksgiving Classroom Bulletin Board Cutout Happy Fall Pumpkin Gnome Turkey Classroom Decorations Leaves Cutouts for Thanksgiving Autumn Harvest School Chalkboard Wall Decor Supplies,7.99,3.2,8.0,Office Products,Office & School Supplies,Dianelhall
209,"HAKDAY Thanksgiving Garden Flag, 13×19 Inches Happy Thanksgiving Flag Double Sided Funny Turkey Sign for Fall Thanksgiving Outdoor Decoration House Flag Autumn Burlap Yard Outdoor Decor",3.99,4.9,43.0,"Patio, Lawn & Garden",Outdoor Décor,HAKDAY
210,"11.5FT Thanksgiving Inflatables Archway Decorations, Thanksgiving Arch Blow up Turkey Inflatable Yard Decoration with Built-in LED Lights for Outdoor Indoor Lawn Yard Thanksgiving Decorations",45.99,4.4,12.0,"Patio, Lawn & Garden",Outdoor Décor,WODMAZ
211,Thanksgiving Hanging Swirls Decorations Thanksgiving Turkey Hanging Decorations Happy Thanksgiving Hanging Streamers from Ceiling for Friendsgiving Party Decorations - 30Pcs,12.99,4.7,7.0,Toys & Games,Featured Categories,Unknown
212,"144 PCS Thanksgiving Party Supplies Kit Fall Party Supplies Includes Dinner Plates, Dessert Plates, Napkins for Give Thanks Pumpkin Maple Leaves Party Decorations Serves 48",14.99,2.5,4.0,Toys & Games,Party Supplies,Unknown
213,Famoby Happy Friendsgiving Extra Large Fabric Sign Poster Banner Backdrop with Pattern Pumpkin Maple Leaf Turkey for Thanksgiving Fall Friends Gathering Background Decorations Bunting,6.99,4.5,25.0,"Arts, Crafts & Sewing",Save on Fiskars Items,Unknown
214,Funnlot Thanksgiving Door Decorations Thanksgiving Wreath for Front Door Turkey Door Hanger Thanksgiving Door Hanger Gobble Gobble Sign Thanksgiving Door Wreath Thanksgiving Party Decorations,16.99,4.5,1123.0,Home & Kitchen,Home Décor Products,Funnlot
215,"Fall Table Runner, 72x13 Inch Seasonal Fall Pumpkin Leaves Thanksgiving Table Runner Autumn Thanksgiving Kitchen Dining Table Decoration for Indoor Outdoor Dinner Home Party Decorations",7.99,5.0,1.0,Home & Kitchen,Kitchen & Dining,Bonieset
216,"Thanksgiving Decorations, Happy Thanksgiving Banner Backdrop, Fall Decorations Thanksgiving Decorations for Home indoor, Thanksgiving Party Decorations for Friendsgiving Decorations Turkey Decorations",12.98,4.7,50.0,Toys & Games,Party Supplies,iPartycool
217,"JOYIN Thanksgiving Pumpkin Turkey Figurine Decoration, Fall Tabletop Figurine Decor for Thanksgiving Party, Harvest Day, Kitchen Tabletop Ornament and Autumn",11.99,4.5,86.0,Home & Kitchen,Home Décor Products,Unknown
218,"WISHDIAM Thanksgiving Pilgrims Gnomes Decor for Home, 4 Pack Thanksgiving Gnomes Plush Decorations, Thanksgiving Fall Decor for Tiered Tray Table Centerpieces",13.99,4.6,299.0,Home & Kitchen,Event & Party Supplies,Unknown
219,TURNMEON 32PCS Thanksgiving Party Decorations Thanksgiving Banner Set with Thanksgiving Hanging Swirls Friends Giving Banners Thanksgiving Party Supplies for Party Home Thanksgiving Decorations Indoor,11.65,0.0,0.0,Toys & Games,Party Supplies,Unknown
220,"Reversible Fall Thanksgiving Decor/Christmas Decorations for Home Indoor Outdoor, Thankful Pumpkin Fall Door Decor Porch Wall Door Hanger, Christmas Wreath Wall Decor Buffalo Plaid Let It Snow Sign",16.99,4.4,102.0,Home & Kitchen,Home Décor Products,Siawoy
221,"BEFANTST 3 Pieces Thanksgiving Disposable Tablecloth, 54 x 108 Inch Rectangle Waterproof Plastic Fall Thanksgiving Theme Tablecloth for Harvest Party Table Decoration",9.99,4.0,25.0,Home & Kitchen,Kitchen & Dining,BEFANTST
222,"2 Packs Fall Decorations Fall Garland with Lights, 20ft 50 LED Total Lighted String Fall Garland. Autumn Maple Leaves Garland with Light Battery Operated Home Decor Thanksgiving Halloween Christmas",7.99,4.1,49.0,Home & Kitchen,Seasonal Décor,wohohoho
223,"DAZONGE Thanksgiving Decor, Fall Decorations for Home, Felt Pumpkin Garland and Wood Bead for Thankgiving Decorations Indoor, Thanksgiving Pumpkin Banner for Mantle Wall Decor",18.99,4.6,207.0,Home & Kitchen,Seasonal Décor,Unknown
224,"Happy Storm 158Pcs Thanksgiving Window Clings for Glass Window, Double Sided Fall Turkey Window Stickers Deals Decor for Home Office Decorations, Thanksgiving Decorations Indoor",6.99,4.4,1202.0,Home & Kitchen,Home Décor Products,Happy Storm
225,"Lucleag 2Pcs Thanksgiving Turkey Welcome Sign, Paper Thanksgiving Turkey Door Sign, Turkey Door Hanger Rustic Hanging Welcome Door Sign for Thanksgiving Fall Front Door Wall Decorations (Style 1)",7.99,4.0,1.0,Home & Kitchen,Home Décor Products,Lucleag
226,"NICROLANDEE Fall Party Decorations, 12 PCS Pumpkin Orange Burgundy Sage Green Ivory Tissue Pom Poms Thanksgiving Decor for Home, Wedding, Birthday, Autumn Harvest Party Supplies",9.99,4.4,1266.0,Home & Kitchen,Event & Party Supplies,Nicrolandee
227,"6 Pieces Cheesecloth Table Runners 10 Ft Romantic Gauze Table Runner for Boho, Rustic Wedding Arch, Baby Shower Decorations Birthday Party Thanksgiving (6, Sand)",32.99,4.8,222.0,Home & Kitchen,Kitchen & Dining,eQFeast
228,"JOYIN Friendsgiving Garland Party Decoration Set Including 2 Banner Hanging Garland, 6 Foil Swirls with Decorative Hanging Cutouts for Thanksgiving Holiday Decor",7.99,4.7,384.0,Home & Kitchen,Event & Party Supplies,Unknown
230,"30 Count Thanksgiving Party Decorations Thanksgiving Hanging Swirls Decorations, Turkey Pumpkin Chicken Maple Cutouts Hanging Swirls Ceiling Decorations for Autumn Party Supplies (Classic)",10.99,4.5,182.0,Home & Kitchen,Event & Party Supplies,Blulu
231,"YEGUO 2 PCS Thanksgiving Decorations for Home, Thanksgiving Lights Battery Operated, Total 20ft 40 LED Lighted Fall Garland Maple Leaves for Halloween Holiday Autumn Harvest Fall Thanksgiving Decor",12.99,4.5,1433.0,Home & Kitchen,Seasonal Décor,YEGUO
232,Fall Leaf Garland for Thanksgiving Party Decorations Thanks Giving Hanging Decor Streamer Banner Backdrop Fall Harvest Theme Birthay Parties Supplies Baby Shower Anniversary Wedding Party Supplies,12.99,4.8,396.0,Home & Kitchen,Event & Party Supplies,Cheerland
233,Black Glitter Gobble Me Swallow Me Decorations Friendsgiving Party Decorations Thanksgiving Dinner Decorations Thank You Banner Happy Thanksgiving Banner Friendsgiving Decorations,11.99,5.0,1.0,Home & Kitchen,Event & Party Supplies,Yavxzvbw
234,"100PCS Acrylic Leaves Mini Pumpkins Acorns Maple Leaves Acrylic Fall Decorations, Thanksgiving Table Scatter Fall Vase Filler Gems for DIY Crafts, Home Decoration, Thanksgiving and Autumn Decor",5.99,4.7,239.0,Home & Kitchen,Home Décor Products,Jangostor
235,"Gobble Till You Wobble Banner Thanksgiving Party Banner, Happy Friendsgiving Banner Funny Thanksgiving Banner Decorations for Funny Friends Friendsgiving Thanksgiving Party Decorations",12.99,5.0,1.0,Toys & Games,Featured Categories,DANPORTBE
236,CAVLA Glitter Gobble Till You Wobble Banner Glittery Thanksgiving Fall Banner Garland with Turkey and Ham Signs Thanksgiving Day Decorations for Friendsgiving Turkey Day Wall Fireplace Party Supplies,8.99,4.7,46.0,Toys & Games,Party Supplies,CAVLA
237,"SITUMEIZI Fall Leaves Fake Fall Decoration for Home Autumn Fall Decor Maple Leaf 3.15inch for Halloween Thanksgiving Day Party Decorations Fall Crafts(200 PCS,Assorted Colors)",6.99,4.4,65.0,Home & Kitchen,Home Décor Products,SITUMEIZI
238,"15"" Thanksgiving Artificial Flowers Plant Decorations with Burlap Base Maple Leaves Berries Pumpkins for Harvest Indoor Shelf Fireplace Mantle Kitchen Living Room Autumn Fall Party Decor Centerpiece",16.95,5.0,1.0,Home & Kitchen,Home Décor Products,Gift Boutique
239,"LUSHVIDA Thanksgiving Table Runner Fall Table Runner Pumpkins Wrinkle Resistant Holiday Table Runners for Fall/Harvest Autumn Family Gathering, Dining Room Table Decoration(14X70 Inch)",9.99,4.5,1799.0,Home & Kitchen,Kitchen & Dining,LUSHVIDA
240,BLOSMON Fall Flowers Centerpieces Artificial Decoration 6 Pcs Sunflowers Maple Leaf Fall Fake Flower Ball Arrangements Table Center Pieces Silk Floral for Wedding Home Thanksgiving Party DIY Decor,59.96,4.4,37.0,Home & Kitchen,Home Décor Products,BLOSMON
241,"Lordearon Fall Pumpkin Flameless Candles Real Wax LED Candles Thanksgiving Decor Battery Operated Thanksgiving Pillar Candles with Timer, Set of 3,Warm Light",20.99,4.6,174.0,Tools & Home Improvement,Lighting & Ceiling Fans,Lordaeron
242,"2 Pack-40 Ft-120 LED Christmas String Lights, Battery Powered Copper Fairy Lights with Waterproof, Remote Control,Timer,8 Flashing Modes, Christmas Decoration Home Indoor Outdoor Holiday(Colorful)",17.99,4.2,344.0,Home & Kitchen,Seasonal Décor,TURNMEON
245,"Thanksgiving Tiered Tray Decorations Set - Gnomes, Turkey Wooden Signs, Bead Garland for Home Kitchen Table Decor",15.99,4.5,2.0,Home & Kitchen,Home Décor Products,Unknown
248,32Ft Orange Stripe Dot Triangle Flag Fabric Banner Cotton Pennant Garland Bunting Streamer for Fall Decor Autumn Wedding Birthday Party Thanksgiving Day Home Nursery Outdoor Garden Hanging Decoration,14.99,4.7,200.0,Home & Kitchen,Event & Party Supplies,pinkblume
249,"GEJLQ Give Thanks and Eat Pie Banner for Thanksgiving Decorations, Thanksgiving Party Decorations, Thanksgiving Banner for Indoor Home Mantel Fire Place, Friendsgiving Decorations Banner",10.99,0.0,0.0,"Patio, Lawn & Garden",Outdoor Décor,Weimaro
251,Momkids 6 Pcs Babys Breath Artificial Flowers Bulk Real Touch Faux Gypsophila Bouquet Fake Plastic Silk Flowers for Home Kitchen Bedroom Wedding Festival Christmas Halloween Party Decoration (Red),14.99,4.0,5558.0,Home & Kitchen,Home Décor Products,Momkids
255,"Kurala 6 Pack Metal Turkey Tea Light Candle Holders, Thanksgiving Decoration",9.99,4.7,209.0,Home & Kitchen,Home Décor Products,Kurala
256,"kakoya Flickering Flameless Candles Battery Operated with Remote and 2/4/6/8 H Timer Plexiglass Led Pillar Candles Pack of 9 (D2.2""xH 5""6""7"")with Realistic Moving Wick Candles for Home Decor(Ivory)",32.99,4.6,733.0,Tools & Home Improvement,Lighting & Ceiling Fans,kakoya
257,"FastDeng 1.5ft Lighted Maple Tree-Artificial Fall Tree Light, Timer 36 LED Warm White Autumn Tabletop Tree Lights Battery Operated for Indoor Fall Harvest Home Decor, Thanksgiving Decorations (2Pack)",22.99,4.5,214.0,Home & Kitchen,Seasonal Décor,FastDeng
258,"EKOSAVOR Plastic Plates, 3 compartments 150 Pack Reusable Dinner Plates BPA Free Sturdy Unbreakable Dishes Plates Parties Events Disposable Plates",32.99,4.8,26.0,Health & Household,Household Supplies,EKOSAVOR
260,"Simeitol 12PCS Vintage Amber Votive Candle Holders Bulk, Christmas Glass Tea Lights Candle Holders for Table Centerpiece, Embossed Fall Candle Holders for Wedding, Thanksgiving, Xmas Table Decor",21.59,4.9,50.0,Home & Kitchen,Home Décor Products,simeitol
261,"Felt Fall Leaf Garland - Double Layers Felt Leaves Banner, Fall Decorations for Mantle, Thanksgiving Decorations",13.99,0.0,0.0,Home & Kitchen,Event & Party Supplies,Agkvw
262,"Thanksgiving Table Decorations Centerpieces, 9PCS Vivid, Double-sided Honeycomb Centerpieces for Your Festive Feast Autumn Theme Party Supplies",12.99,4.6,3.0,Toys & Games,Featured Categories,Unknown
263,"yofit 12 Pcs Thanksgiving Decorations Artificial Pumpkins, Fake Mini Pumpkins, Lifelike Simulation Foam Pumpkins Sets, Fall Decorations for Home Kitchen Table Indoor Outdoor Friendsgiving (Colour)",22.99,4.2,1048.0,Home & Kitchen,Home Décor Products,YOFIT
264,6 pcs Fall Pumpkin Leaf Garlands for Fall Party Decoration Thanksgiving Decor Autumn Birthday Banner Maple Leaves Hanging Garland Streamer Backdrop for Wedding Bridal Baby Shower Party Supplies,9.99,4.8,396.0,Home & Kitchen,Event & Party Supplies,Cheerland
265,"ALLADINBOX Thanksgiving Turkey Tabletop Centerpieces 3 Pcs Resin Pilgrim Turkey Figurines Thanksgiving Decorative Shelf Sitters with Dangling Legs, Harvest Fall Decor Home Kitchen Autumn Displays",31.99,4.7,235.0,Home & Kitchen,Home Décor Products,Unknown
266,Floralsecret 2 Pack Artificial Peony Fake Flowers Silk Peonies Flowers Vintage Home Decoration Office Wedding Thanksgiving Decor (Coffee),18.99,4.4,2498.0,Home & Kitchen,Home Décor Products,Floralsecret
267,Joyful Start Thanksgiving Decorations Thanksgiving Window Stickers Thanksgiving Window Clings for Glass Windows Fall Gnome Window Clings Autumn Window Clings for Thanksgiving Decorations Classroom,3.21,4.5,112.0,Home & Kitchen,Home Décor Products,Joyful Start
268,"Thanksgiving/Christmas Decorations Wooden Signs, 3 Pcs Reversible Turkey Wooden Decor Double-side Christmas Table Signs Tiered Tray Decor for Fall Thanksgiving Christmas Winter Decorations",8.99,5.0,6.0,Home & Kitchen,Home Décor Products,Tifeson
269,"Turkey Cupcake Toppers Happy Thanksgiving Cupcake Toppers, Thanksgiving Turkey Toppers for Cupcake Happy Friendsgiving Cupcake Toppers for Happy Friendsgiving Party Cake Decorations",13.99,0.0,0.0,Grocery & Gourmet Food,Pantry Staples,Unknown
270,Thanksgiving 3D Pumpkin Sign Wreath with LEDs Battery Operated for Front Door Thanksgiving Decorations Warm Lights Light Up Wood Sign Hanging Outdoor Indoor Home Thanksgiving Decor,17.99,5.0,2.0,Home & Kitchen,Home Décor Products,Dr.BeTree
271,"Juegoal Thanksgiving Centerpiece with 3 Candle Holders, Harvest Maple Leaves & Sunflowers Candle Holder(Not Include Candles), Autumn Fall Holiday Decorations Candleabrum for Kitchen Tabletop Display",16.99,3.9,63.0,Home & Kitchen,Home Décor Products,Juegoal
272,[ Timer & 3 Pack & Pumpkin ] 30Ft Fall Garland Thanksgiving Decorations 60 LED Leaf Lights Patented Realistic Maple Leaf Battery Operated Thanksgiving Decor Autumn Halloween Decor Home Indoor Outdoor,16.99,4.0,96.0,Tools & Home Improvement,Lighting & Ceiling Fans,TURNMEON
273,"Christmas Tree Skirt, 36 Inch Polyester Christmas Tree Skirt with Stylish Design for Holiday Decorations, Perfect for New Year and Thanksgiving Day Tree Decor, Premium Quality Tree Skirt",13.99,5.0,4.0,Home & Kitchen,Seasonal Décor,Bybali
274,Thanksgiving Pilgrim Yard Lawn Signs Corrugated Plastic 2 PCS Large Happy Fall Autumn Harvest Welcome Sign Party Supplies Outdoor Decor Decoration Pumpkin Turkey with H Stands,19.99,3.2,6.0,"Patio, Lawn & Garden",Outdoor Décor,Unknown
275,SURCVIO Thanksgiving 6 Feet Prelit Maple Tree Decorations 128 Warm LEDs Lights Thanksgiving Fall Harvest Decor Pinecones Pumpkin Lights Artificial Tree for Home Indoor and Outdoor Decoration,47.99,4.3,39.0,Home & Kitchen,Seasonal Décor,SURCVIO
276,Kathfly 4 Pieces Fall Tiered Tray Decor Thanksgiving Wooden Fall Signs Farmhouse Table Decorations Harvest Party Centerpieces Rustic Wood Turkey Gnomes for Autumn Thanksgiving Party,11.99,4.4,77.0,Home & Kitchen,Event & Party Supplies,Unknown
277,Gold Happy Friendsgiving Banner Thanksgiving Party Banner Happy Friendsgiving Party Banner Decorations for Friends Friendsgiving Thanksgiving Decorations,9.99,3.0,1.0,Toys & Games,Party Supplies,TeePolly
278,"36 PCS Thanksgiving Decorations Hanging Swirls, Thanksgiving Turkey Hanging Decorations Party Decoration Swirls - NO DIY Thanksgiving Classroom Party Supplies Decorations",16.98,5.0,4.0,Home & Kitchen,Event & Party Supplies,Unknown
279,"ONFUTAT 3 Pcs Fall Party Tablecloth, Autumn Thanksgiving Table Cover Maple Theme Birthday Party Decorations, Pumpkin and Maple Leaf Fall Themed Party Supplies",12.99,3.5,2.0,Toys & Games,Party Supplies,ONFUTAT
281,"PINATA Fall Thanksgiving Leaf Turkey Window Lights 2 Pack, Light up Decorations, LED Orange 8 Modes Remote for Home Bedroom Living Room Wall Decor(Heavy Duty Metal Timer Function)",19.99,3.6,19.0,Home & Kitchen,Seasonal Décor,pinata
282,Thanksgiving Centerpiece Table Decorations Autumn Harvest Pumpkin Party Supplies Give Thanks Thankful Grateful Blessed Talk Turkey to Me Gobble Til You Wobble Sign for Fall Party Table Decorations,15.99,0.0,0.0,Home & Kitchen,Event & Party Supplies,Levvcirki
283,"HiPatio Artificial Pumpkins, 12 Pcs Fake Pumpkins Cream White Faux Harvest Pumpkins for Thanksgiving Party Halloween Holiday Decorations",6.99,4.4,604.0,Home & Kitchen,Home Décor Products,HiPatio
284,"Turkey On The Table Thanksgiving Activity for Kids and Families (Includes Book, Turkey, Pen, & 13 Double Sided Feathers) - Give Thanks & Start a New Holiday Tradition - Doubles as Table Centerpiece",44.0,4.6,746.0,Home & Kitchen,Event & Party Supplies,Unknown
285,"16 Pack Fall Garland Maple Leaf Garland, 7 Ft/Piece Hanging Vines Garland Artificial Fall Leaves Garland Fall Decorations for Home Fireplace Party Thanksgiving Decor (Orange-Golden)",19.99,4.2,104.0,Home & Kitchen,Seasonal Décor,NFESOLAR
286,"Suponar Thanksgiving Window Clings, 8 Sheet Fall Window Clings for Glass Windows, Fall Decorations for Home, Fall Turkey Window Stickers for Thanksgiving Autumn Fall Decor",5.99,4.6,299.0,Home & Kitchen,Home Décor Products,Suponar
287,"Fovths 3 Pieces LED Thanksgiving Decorations Table Centerpiece White Fall Pumpkin Resin Tabletopper Decor Lighted Fall Pumpkin Table Decorations for Fall Harvest, Thanksgiving Party Table Decorations",15.99,4.8,5.0,Home & Kitchen,Event & Party Supplies,Unknown
288,2PCS Thanksgiving Decorations Turkey Windsocks - Thanksgiving Outdoor Hanging Windsock with LED Light String for Home Yard Tree Lawn Patio Garden Party Decor Supplies (No Batteries & No Timer),12.99,4.5,7.0,"Patio, Lawn & Garden",Outdoor Décor,Tifeson
289,"KEVA Fall Table Runner 72inches Long, Autumn Maple Leaves Table Runner 13x72 inch for Thanksgiving Kitchen and Table Decoration, Harvest Fall Farmhouse Rustic Embroidered Thanksgiving Table Runner",18.99,4.9,75.0,Home & Kitchen,Kitchen & Dining,KEVA
290,Fall Decorations Autumn Thanksgiving Decoration Maple Leaf Fall Themed Party Supplies Hanging Foil Swirl Decor for Home Ceiling Party Favors,8.99,4.3,5.0,Home & Kitchen,Event & Party Supplies,Unknown
291,BAYLAY Thanksgiving Tree Ornaments - 27pcs Thanksgiving Decorations for Home | Thanksgiving Tree Ornaments | Thanksgiving Decorations | Thanksgiving Decor | Thanksgiving Ornaments for Tree,9.99,4.6,291.0,Toys & Games,Party Supplies,Unknown
292,"yizeda 24 Pieces Thanksgiving Cutlery Holder Set, Turkey Party Table Decorations Cutlery Pouch Holder Silverware Pouch Bags for Autumn Fall Harvest Party Thanksgiving Day Table Decoration",7.99,5.0,1.0,Home & Kitchen,Kitchen & Dining,Yizeda
293,Happy Friendsgiving Banner Thank You Banner for Happy Thanksgiving Decorations Thanksgiving Birthday Decorations Friendsgiving Decorations Thanksgiving Party Decorations,11.99,2.0,1.0,Home & Kitchen,Event & Party Supplies,Yavxzvbw
294,Gold Foil Thanksgiving Wine Bottle Label Stickers 54PCS Thanksgiving Party Wine Bottle Decorations Fall Wine Bottle Covers Harvest Party Supplies,8.09,4.6,46.0,Home & Kitchen,Kitchen & Dining,Unknown
295,Ogrmar Thanksgiving Metal Turkey Sign Wall Hanging Decoration with Bracket for Front Door Ornament Festive Whimsical Halloween Christmas Wall & Tabletop Decor,17.99,4.6,135.0,Home & Kitchen,Home Décor Products,Ogrmar
296,"STEFORD Thanksgiving Hanging Swirls, 51Pcs Thanksgiving Ceiling Decorations, Autumn Hanging Ornaments for Thanksgiving Party Streamers Supplies",7.99,5.0,2.0,Home & Kitchen,Event & Party Supplies,Unknown
297,"OHOME 3 Pack Thanksgiving Tablecloth Disposable - Fall Thanksgiving Party Supplies Disposable Plastic Tablecloth for Thanksgiving Party Decorations 54"" x 108""",9.99,4.7,354.0,Toys & Games,Party Supplies,OHOME
298,"Frstem Boho Wood Beaded Fandelier, 20"" 6-Speed Flush Mount Ceiling Fan Chandelier with Light & Remote Control, Bladeless/Quiet Motor/Low Profile, for Kitchen Bedroom Living Room Hallway Patio",175.99,5.0,3.0,Tools & Home Improvement,Lighting & Ceiling Fans,Frstem
299,"LMQNINE Pendant Lighting Modern Pendant Light, Mini Crystal Chandeliers,Adjustable Pendant Light Fixture for Kitchen Island Dinning Room Bedroom (Gold, 1-Light)",59.99,4.5,477.0,Tools & Home Improvement,Lighting & Ceiling Fans,LMQNINE
301,LIANGMH 36-Light Modern Kitchen Island Black Gold Ceiling Pendant Light Dimmable LED 216W Staircase Large Chandelier Lobby Living Room Bedroom Foyer High Ceiling Chandelier,1099.0,4.5,144.0,Tools & Home Improvement,Lighting & Ceiling Fans,LIANGMH
307,"Party Spot! 252 pcs Thanksgiving Party Decorations Kit, 24 Sets of Disposable Dinnerware, Balloons Tablecloth Backdrop Balloon Garland kit Maple leaf Paper Plates , Thanksgiving Decorations indoor",35.99,4.7,22.0,Toys & Games,Party Supplies,Party Spot!
311,BLOSMON Fall Flowers Centerpieces Artificial Decoration 10 Pcs Sunflowers Maple Leaf Fall Fake Flower Ball Arrangements Table Center Pieces Silk Floral for Wedding Home Thanksgiving Party DIY Decor,92.96,4.4,37.0,Home & Kitchen,Home Décor Products,BLOSMON
314,114pcs Fall in Love with Learning Bulletin Board Set Fall Classroom Tree Decorations Thanksgiving Autumn Maple Leaves Cutouts for School Classroom Bulletin Board Blackboard Chalkboard,9.99,5.0,1.0,Office Products,Office & School Supplies,Qyeahkj
315,"Fall Decorations for Home, 23.6 Inch Lighted Artificial Fall Maple Tree with 24 LEDs Battery Operated Light Up Tabletop for Thanksgiving Decorations, Indoor, Outdoor, Autumn Harvest Home Decor (B)",21.99,0.0,0.0,Home & Kitchen,Home Décor Products,Vlumioxn
316,BEIRIO Modern Luxurious Candle K9 Crystal Chandelier Classic 10-Lights Pendant Ceiling Lighting Fixture for Living Room Bedroom and Dining Rome Chrome Easy to Install (27.6× 31.5 inch),279.99,4.3,96.0,Tools & Home Improvement,Lighting & Ceiling Fans,BEIRIO
317,"Momkids 500Pcs Autumn Maple Leaves,2pack 5.9Ft Artificial Fall Leaves Garlands Fall Silk Leave for Thanksgiving Fabric Leaves Decoration Home Decor Wedding Halloween Thanksgiving Party Decor",24.99,4.5,497.0,Home & Kitchen,Home Décor Products,Momkids
318,"CFAGHOMEDESIGN Farmhouse Crown Chandelier,Distressed White Wooden Chandelier,3-Light Vintage Pendant Light Wood Rustic Chandelier for Living Room Dining Room Foyer Hallway Bedroom Kitchen Island",189.99,4.4,23.0,Tools & Home Improvement,Lighting & Ceiling Fans,CFAGHOMEDESIGN
319,"Thanksgiving Decorations Indoor GIVE THANKS Banner Porch Door Sign For Thanksgiving Decor Autumn Indoor Outdoor Wall Fall Decorations For Home 72""X12""",9.99,4.8,39.0,Home & Kitchen,Event & Party Supplies,Labrostar
320,"Thanksgiving Decorations Outdoor, Solar Turkey Garden Stake Lights, 41 Inches Metal Turkey Decorations, Thanksgiving Yard Decorations, Thanksgiving Decor Turkeys Lights for Yard Garden Lawn Pathway",36.99,3.5,37.0,"Patio, Lawn & Garden",Outdoor Décor,Bonsai Tree
321,"GameXcel Thanksgiving Decorations Turkey Door Sign,Fall Door Decor Front Door Hanger for Thanksgiving Party Decoration,Front Porch Fall Decor for Home",12.86,4.3,17.0,Home & Kitchen,Home Décor Products,Unknown
323,"Fall Wood Sign Wall Decor, 6x 12 Inch Welcome Sign for Front Door Decor Hanging Wall Art Pumpkin Autumn Hanging Plaque for Home Living Room Farmhouse Harvest Day Thanksgiving Wall Decor Blessed",6.99,0.0,0.0,Home & Kitchen,Home Décor Products,HTBIG
324,Leekung Gnomes Decorations for Yard Gnomes Decor - Garden Gnomes Decor Garden Gnomes Statues Garden Figurine Ocean Gnomes Decor for Tiered Tray Decor Summer Gnome for Patio Lawn Yard Bookshelf Gifts,16.99,4.7,16.0,"Patio, Lawn & Garden",Outdoor Décor,Unknown
326,"Lucleag 16Pcs Happy Fall Hanging Swirls Decorations, Thanksgiving Turkey Pumpkin Maple Leaf Hanging Decoration for Ceiling, Hanging Swirls Ceiling Decor for Autumn Thanksgiving Party Supplies",5.99,5.0,1.0,Home & Kitchen,Event & Party Supplies,Unknown
327,78 ft Thanksgiving Fall Party Garlands Autumn Pumpkin Leaf Sunflower Hanging Decoration Fall Party Hanging String Garlands Streamer for Fall Thanksgiving Home Party Supplies,4.99,0.0,0.0,Home & Kitchen,Event & Party Supplies,XunYee
328,Thanksgiving Hanging Swirl Decorations - 34Pcs Thanksgiving Hanging Ceiling Streamers - Turkey Corns Pumpkin Maple Leaves Swirls for Home Indoor Outdoor Party Office Decor Supplies (NO DIY Required),8.99,4.5,551.0,Home & Kitchen,Home Décor Products,Tifeson
329,"Give Thanks Banner, Thanksgiving Party Decorations Includes Happy Give Thanks Banner and Hanging Swirls, Thanksgiving Party Decorations Supplies",9.99,5.0,1.0,Toys & Games,Party Supplies,LARRAZABAL
330,Thanksgiving Party Decorations Supplies - NO DIY - Thanksgiving Home Decor Include Give Thanks Banner & 8pcs Thanksgiving Hanging Swirls & Maple Leaf Lace Table Runner for Fall Thanksgiving Farmhouse,12.99,3.0,3.0,Toys & Games,Party Supplies,Unknown
331,"JOYIN 3 Pcs Thanksgiving Turkey Tabletop Centerpieces, Resin Turkey Fall Figurine with Dangling Legs Pumpkin Decoration for Autumn Harvest Day Tabletop Collection Thanksgiving Party and Kitchen Party",25.98,5.0,12.0,Home & Kitchen,Home Décor Products,Unknown
333,"NICROLANDEE Fall Wedding Decorations - 15 PCS Pumpkin Orange Sage Green Ivory Tissue Pom Poms Decor, Dots Paper Garland for Thanksgiving, Baby Shower, Autumn Harvest Party Supplies",12.99,4.3,119.0,Home & Kitchen,Event & Party Supplies,Nicrolandee
334,"142 Pcs Fall Wall Decals Thanksgiving Wall Stickers Autumn Leaves Decoration Turkey Decals Maple Leaves Wall Decor for Home Window Living Room Bedroom(Autumn Style, 142 Pcs)",8.99,4.1,87.0,Tools & Home Improvement,"Paint, Wall Treatments & Supplies",Eersida
335,"MEGLORYA Artificial Flowers with Vase, Fake Flowers Silk Roses in Vase, Floral Decor for Rustic Home Office, Faux Flower Arrangements for House Decor, Farmhouse Coffee Table Fall Centerpieces",26.99,4.6,170.0,Home & Kitchen,Home Décor Products,MEGLORYA
336,"Turkey Gravy Beans And Rolls Let Me See That Casserole Napkins, Thanksgiving Decorations, ZJ Thanksgiving Napkins, Friendsgiving Napkins, Friendsgiving Party Decorations Napkins (5x5 In, 50-Pack)",14.99,0.0,0.0,Home & Kitchen,Event & Party Supplies,Aisosiks
338,Cholemy Turkey Cupcake Stand Thanksgiving Themed Party Decorations 3 Tier Turkey Cake Stand Holder Pumpkin Maple Leaf Dessert Tower for Harvest Fall Themed Cupcake Toppers Liners Birthday Supplies,8.99,5.0,2.0,Home & Kitchen,Kitchen & Dining,Unknown
339,"Decodinli Thanksgiving Party Supplies Serves 25, Thanksgiving Fall Pumpkin themed Party Decorations, Fall Harvest theme Disposable Plates and Napkins Set, Thanksgiving Pumpkin Maple Leaf Tableware Set",12.99,4.7,231.0,Home & Kitchen,Event & Party Supplies,Decodinli
340,TURNMEON Thanksgiving Decorations 2 Pack 24''/2FT Lighted Maple Tree Timer Thanksgiving Decor Tabletop Fall Tree 48 LEDs Battery Powered Pumpkin Lights Indoor Home Halloween Fall Decor(Orange Red),24.99,4.5,284.0,Home & Kitchen,Home Décor Products,TURNMEON
341,Thanksgiving Cutlery Holder 24 PCS Thanksgiving Table Decor Set Thanksgiving Decorations Indoor Thanksgiving Turkey Utensil Holder for Thanksgiving Party Autumn Family Harvest Party Table Supplies,15.99,4.6,47.0,Toys & Games,Party Supplies,Unknown
342,"36Pcs Fall Wooden Ornaments for Tree, Thanksgiving Wooden Hanging Decorations Autumn Pumpkin Turkey Gnomes Wood Cutouts Hanging Ornaments for Thanksgiving Harvest Holiday Party Tree Decor",6.99,4.5,2.0,Home & Kitchen,Home Décor Products,Unknown
343,Ouksma 45 Pcs Thanksgiving Party Decorations Give Thanks Banner and Thanksgiving Hanging Ceiling Swirl Decorations Set Thanksgiving Decor for Indoor Outdoor (Colorful Banner Ceiling),13.99,0.0,0.0,Toys & Games,Party Supplies,Unknown
344,Gobble Me Swallow Me Decorations Friendsgiving Decorations Thanksgiving Dinner DecorationsThank You Banner Happy Thanksgiving Banner Friendsgiving Party Decorations,12.99,2.0,1.0,Home & Kitchen,Event & Party Supplies,Yavxzvbw
345,Thanksgiving Wooden Block Sign with Led Lights- Gobble til You Wobble Turkey Light up Wood Sign for Table Mantle- Thanksgiving Farmhouse Home Battery Operated Wooden Sign Tabletop Tiered Tray Decor,28.99,4.0,43.0,Home & Kitchen,Home Décor Products,VAITAN
346,"Ovootok Thanksgiving Decoration for Home, Fall Decor Gnomes, Wooden Pumpkins Signs, Tiered Tray Decor Set, Pumpkin Patch Table Decoration, Centerpiece for Autumn Harvest Halloween (Fall Gnomes)",7.99,4.3,42.0,Home & Kitchen,Home Décor Products,Ovootok
347,6FT Thanksgiving Inflatable Turkey Decoration，Thanksgiving Inflatable Turkey Decor with 7 Build in LED Blow up Turkey Inflatable Outdoor Lawn Yard Thanksgiving Decorations,47.9,4.3,97.0,"Patio, Lawn & Garden",Outdoor Décor,Ultimate Unicorn
348,42Pcs Thanksgiving Party Decorations GIVE THANKS Banner Turkey Pumpkin Maple Cutouts Hanging Swirls Decor for Home Office Classroom,13.99,5.0,3.0,Home & Kitchen,Event & Party Supplies,KEIAOUE
349,Whaline Happy Fall Pumpkin Burlap Banner Harvest Home Decor Bunting Flag Garland Party Thanksgiving Day Decoration,6.99,4.8,7920.0,Home & Kitchen,Event & Party Supplies,Whaline
350,"KatchOn, Vintage Thanksgiving Banners - Large 10 Feet, Pack of 2 | Retro Thanksgiving Decorations | Turkey Banner | Happy Thanksgiving Banner Indoor | Fall Thanksgiving Bunting Garland Decorations",12.97,4.3,61.0,Toys & Games,Party Supplies,KatchOn
351,"GABOSS 4 Pack Fall Decor for Home, 80 Led 32.8 Thanksgiving Decorations Lighted Fall Garland, Maple Leaves String Lights for Home Indoor Outdoor",9.99,4.5,1049.0,Home & Kitchen,Seasonal Décor,GABOSS
352,"Beistle 2 FT Giant Inflatable Turkey Drumstick Leg Autumn Fall Thanksgiving Party Decorations and Photo Booth Props, Indoor/Outdoor Use, 24"", Brown/White",6.67,4.4,276.0,Home & Kitchen,Event & Party Supplies,Beistle
353,Happy Fall Yall Burlap Banner for Fireplace Thanksgiving Decorations Fall Sign Mantel Autumn Decor Rustic Farmhouse Banner Maple Leaf Pumpkin Harvest Fall Party Decorations for Home Wall Hanging Indoor Outdoor Home Office,11.99,4.6,3.0,Toys & Games,Party Supplies,Whongkidz
354,"Roseeyo Lighted Thanksgiving Window Decorations, 15.7"" Light up Autumn Turkey Window Lights Window Silhouette Sign for Fall Harvest Thanksgiving Decor with 12 LEDs",9.99,3.7,23.0,"Patio, Lawn & Garden",Outdoor Décor,Roseeyo
355,"Gobble Me Swallow Me Banner Gobble Me Swallow Me Thanksgiving Banner Decorations, Funny Thanksgiving Banner Friendsgiving Banner Decorations for Funny Thanksgiving Friendsgiving Party Decorations",12.99,4.1,14.0,Home & Kitchen,Event & Party Supplies,Unknown
356,"FUTUREPLUSX 10ft Maple Leaf String Lights, Fall Decor Garland Maple Leaf Lights Thanksgiving Halloween Decorations String Lights",5.99,4.2,40.0,Home & Kitchen,Seasonal Décor,FUTUREPLUSX
357,Jovitec 10 Pack Paper Pumpkin Honeycomb Pumpkin Centerpieces 3D Tissue Pumpkins 10.2 Inch Hanging Decoration for Thanksgiving Fall Festival Party Supplies (Brown Branch),15.99,4.9,53.0,Home & Kitchen,Event & Party Supplies,JOVITEC
358,"Fall Wood Sign Wall Decor, 12x 6 Inch Welcome Sign for Front Door Decor Hanging Wall Art Pumpkin Autumn Hanging Plaque for Home Living Room Farmhouse Harvest Day Thanksgiving Wall Decor Our Patch",6.99,3.0,2.0,Home & Kitchen,Home Décor Products,HTBIG
359,"Emuya Friendsgiving Party Decorations - Happy Friendsgiving Decor Banner Set, & PDF Download Foil Balloons Garland, Fairy light, Gold Balloon Letters & 13' Paper Fall Leaf - Table & Backdrop Ideas",14.98,4.2,91.0,Home & Kitchen,Event & Party Supplies,Emuya
360,BLOSMON Fall Flowers Centerpieces Artificial Decoration 6pcs Red Sunflowers Maple Leaf Fall Fake Flower Ball Arrangements Table Center Pieces Silk Floral for Wedding Home Thanksgiving Party DIY Decor,59.96,4.4,37.0,Home & Kitchen,Home Décor Products,BLOSMON
365,Fall Decor Pumpkin Maple Leaf Hanging Swirl - Fall Thankgiving Pumpkin Party Ceiling Decorations for Home Classroom Office Autumn Thanksgiving Harvest Decor Party Supplies,9.97,4.5,10.0,Home & Kitchen,Event & Party Supplies,Unknown
369,Alitake 3-Pack Thanksgiving Tablecloth Disposable Plastic Thanksgiving Table Cloth Fall Tablecloths - Leaves Pumpkin Print Coloring Party Decoration Autumn Harvest Rectangle Table Cover 54 x 108 Inch,9.99,4.7,77.0,Home & Kitchen,Kitchen & Dining,Alitake
370,"2 Pack Inflatable Fan Replacement, 3100RPM Air Blower for Christmas Inflatables with 12V 1.2A Adapters and 3-LED Light Strings for Xmas Thanksgiving Day Indoor Outdoor Holiday Inflatables Decor",35.99,4.0,17.0,"Patio, Lawn & Garden",Outdoor Décor,Biggun
371,126 PCS Thanksgiving Window Clings Fall Decor Thanksgiving Gnomes Turkey Window Decals Stickers Double-Sided for Autumn Glass Home Decor and Thanksgiving Fall Window Decoration,4.99,4.8,119.0,Home & Kitchen,Home Décor Products,NQOFADSN
372,GOER 30 Pcs Thanksgiving Hanging Swirls for Thanksgiving Party Supplies Decorations,12.99,4.6,1781.0,Home & Kitchen,Home Décor Products,Unknown
373,"Fall Wood Sign Wall Decor, 6x 12 Inch Welcome Sign for Front Door Decor Hanging Wall Art Pumpkin Autumn Hanging Plaque for Home Living Room Farmhouse Harvest Day Thanksgiving Wall Decor Welcome Home2",6.99,0.0,0.0,Home & Kitchen,Home Décor Products,HTBIG
374,Gexolenu Fall Leaf Garland Glitter Double-Sided 4 Kind Fall Leaves Banner for Thanksgiving Decorations Autumn Garland Outdoor Indoor Home Decor Fall Banners for Autumn Party Decoration Supplies,8.99,0.0,0.0,Toys & Games,Party Supplies,Unknown
375,Homlouue 200 PCS Thanksgiving Plates and Napkins Fall Leaves Paper Plates Thanksgiving Decorations Party Supplies for 50 Guests Includes 50 Dinner Plates 50 Dessert Plates 100 Napkins,8.99,4.4,82.0,Health & Household,Household Supplies,Homlouue
376,Orange Party Decorations Metallic Fabric Triangle Pennant Banner Flag Bunting Garland for Fall Autumn Thanksgiving Graduation Birthday Wedding Bridal Shower Baby Shower Anniversary Party Supplies,15.99,4.8,148.0,Home & Kitchen,Event & Party Supplies,pinkblume
377,Thanksgiving Decor Turkey Door Hanging 3D Fall Autumn Garden Farmhouse Sign Indoor and Outdoor Decoration 13 ×11.5 in,8.98,4.1,31.0,Home & Kitchen,Home Décor Products,Caoekego
378,Geetery 4 Pieces Thanksgiving Scarecrow Yard Stake Fall Scarecrow Porch Sign with Stakes Thanksgiving Fall Yard Signs Autumn Harvest Pumpkins Scarecrow Garden Sign for Outdoor Porch Lawn Decorations,20.99,3.8,27.0,"Patio, Lawn & Garden",Outdoor Décor,Unknown
379,Thanksgiving Decorations Friends giving Banner Burlap Fall Party Hanging Foil Swirls Reusable Thanksgiving Decor Autumn Pumpkin Leaf Truck Thanksgiving Decorations indoor for Fireplace Home,23.98,0.0,0.0,Toys & Games,Party Supplies,CRXRYRZ
380,"I Want Em Real Thick And Juicy Napkins,Thanksgiving Napkins,Friendsgiving Napkins,Thanksgiving Decorations,Friendsgiving Party Decorations,ZJ Thanksgiving Party Decorations(Gold Foil,50-Pack)",9.99,0.0,0.0,Toys & Games,Party Supplies,Generic
381,12 Pack Chiffon Table Runner 14x108 Inch Long 9ft Sheer Table Runners for Party Romantic Wedding Bridal Shower Fall Thanksgiving Christmas Decorations-Hunter,28.99,4.5,29.0,Home & Kitchen,Kitchen & Dining,Cupuamon
382,"DUOER 3 Pcs Mason Jar Centerpiece Table Decorations for Dining Table Decor Farmhouse Coffee Table Decor with Wood Tray and Led Light Table Centerpieces for Dining room Kitchen Living Bathroom,Pink",26.99,4.6,23.0,Home & Kitchen,Home Décor Products,DUOER
383,"EKOSAVOR Plastic Plates, 150 Pack 9 Inch Disposable Dinner Plates Parties BBQ 3 Compartments Machine Washable Safe Black Plates",32.99,4.8,26.0,Health & Household,Household Supplies,EKOSAVOR
384,"Peomeise 12pack Chiffon Table Runner 14X108 Inch Sheer Wedding Runner，Romantic Yellow Sheer Fabric for Wedding Decorations,Baby Shower and Birthday Party，Thanksgiving Christmas Decoration",29.99,5.0,19.0,Home & Kitchen,Kitchen & Dining,Peomeise
385,GOOSH 6 FT Thanksgiving Inflatables Boy Outdoor Decorations Thanksgiving Blow Up Yard Decortions Pumpkin Pie Built-in LED Lights for Holiday Indoor Lawn Garden,19.99,4.1,314.0,"Patio, Lawn & Garden",Outdoor Décor,GOOSH
386,32Ft Fall Banner Decorations Triangle Flag Fabric Pennant Garland Bunting for Happy Fall Decor Thanksgiving Day Harvest Autumn Wedding Birthday Party Home Outdoor Garden Hanging Decoration (36Pcs),14.99,4.7,227.0,Home & Kitchen,Event & Party Supplies,pinkblume
